Run,ReleaseDate,LoadDate,spots,bases,spots_with_mates,avgLength,size_MB,AssemblyName,download_path,Experiment,LibraryName,LibraryStrategy,LibrarySelection,LibrarySource,LibraryLayout,InsertSize,InsertDev,Platform,Model,SRAStudy,BioProject,Study_Pubmed_id,ProjectID,Sample,BioSample,SampleType,TaxID,ScientificName,SampleName,g1k_pop_code,source,g1k_analysis_group,Subject_ID,Sex,Disease,Tumor,Affection_Status,Analyte_Type,Histological_Type,Body_Site,CenterName,Submission,dbgap_study_accession,Consent,RunHash,ReadHash
SRR1313225,2014-06-12 16:16:14,2014-06-02 14:37:40,52171238,5217123800,52171238,100,3454,,https://sra-downloadb.be-md.ncbi.nlm.nih.gov/sos5/sra-pub-zq-11/SRR001/313/SRR1313225/SRR1313225.sralite.1,SRX559876,,RNA-Seq,cDNA,TRANSCRIPTOMIC,PAIRED,0,0,ILLUMINA,Illumina HiSeq 2000,SRP042620,PRJNA251383,2,251383,SRS624420,SAMN02821010,simple,9606,Homo sapiens,GSM1401811,,,,,,,no,,,,,GEO,SRA168404,,public,4CC61C76EF4C6489D47BAA9D39DFA83C,64BF497F5A47A736682A0A37B4CE5B39
SRR1313226,2014-06-12 16:16:14,2014-06-02 14:43:53,63923621,6392362100,63923621,100,4136,,https://sra-downloadb.be-md.ncbi.nlm.nih.gov/sos5/sra-pub-zq-11/SRR001/313/SRR1313226/SRR1313226.sralite.1,SRX559877,,RNA-Seq,cDNA,TRANSCRIPTOMIC,PAIRED,0,0,ILLUMINA,Illumina HiSeq 2000,SRP042620,PRJNA251383,2,251383,SRS624421,SAMN02821026,simple,9606,Homo sapiens,GSM1401812,,,,,,,no,,,,,GEO,SRA168404,,public,99113D12D922A7476DA063E87C2EF077,0B3F21451020F2A4EF41D2B9678D73AB
SRR1313227,2014-06-12 16:16:14,2014-06-02 14:54:58,94030210,9403021000,94030210,100,6146,,https://sra-downloadb.be-md.ncbi.nlm.nih.gov/sos5/sra-pub-zq-11/SRR001/313/SRR1313227/SRR1313227.sralite.1,SRX559878,,RNA-Seq,cDNA,TRANSCRIPTOMIC,PAIRED,0,0,ILLUMINA,Illumina HiSeq 2000,SRP042620,PRJNA251383,2,251383,SRS624422,SAMN02821027,simple,9606,Homo sapiens,GSM1401813,,,,,,,no,,,,,GEO,SRA168404,,public,94E2B7F5CC43CDCC1308B79766D626A5,F169977E2D336E70EA76EB864F0E39D1
SRR1313228,2014-06-12 16:16:14,2014-06-02 14:50:19,88230595,8823059500,88230595,100,5926,,https://sra-downloadb.be-md.ncbi.nlm.nih.gov/sos5/sra-pub-zq-11/SRR001/313/SRR1313228/SRR1313228.sralite.1,SRX559879,,RNA-Seq,cDNA,TRANSCRIPTOMIC,PAIRED,0,0,ILLUMINA,Illumina HiSeq 2000,SRP042620,PRJNA251383,2,251383,SRS624423,SAMN02821028,simple,9606,Homo sapiens,GSM1401814,,,,,,,no,,,,,GEO,SRA168404,,public,D1F66821AB63960990FC6ECC3EB9B14D,7FEECF29ADF68DA9A05A8BF383E57416
SRR1313229,2014-06-12 16:16:14,2014-06-02 14:45:31,66508340,6650834000,66508340,100,4433,,https://sra-downloadb.be-md.ncbi.nlm.nih.gov/sos5/sra-pub-zq-11/SRR001/313/SRR1313229/SRR1313229.sralite.1,SRX559880,,RNA-Seq,cDNA,TRANSCRIPTOMIC,PAIRED,0,0,ILLUMINA,Illumina HiSeq 2000,SRP042620,PRJNA251383,2,251383,SRS624424,SAMN02821030,simple,9606,Homo sapiens,GSM1401815,,,,,,,no,,,,,GEO,SRA168404,,public,57A582CF7DF8E44A48322A18840534F4,D5D24E4899C53CFADEB99A7AB261705D
SRR1313220,2014-06-12 16:16:14,2014-06-02 14:34:51,78578816,7857881600,78578816,100,5349,,https://sra-downloadb.be-md.ncbi.nlm.nih.gov/sos5/sra-pub-zq-11/SRR001/313/SRR1313220/SRR1313220.sralite.1,SRX559871,,RNA-Seq,cDNA,TRANSCRIPTOMIC,PAIRED,0,0,ILLUMINA,Illumina HiSeq 2000,SRP042620,PRJNA251383,2,251383,SRS624414,SAMN02821022,simple,9606,Homo sapiens,GSM1401806,,,,,,,no,,,,,GEO,SRA168404,,public,D733BAE4483BFE397D731FEAFBDAF805,345B123D8ECA74C5C25CC7C7DDC316EC
SRR1313221,2014-06-12 16:16:14,2014-06-02 14:46:52,73074549,7307454900,73074549,100,4952,,https://sra-downloadb.be-md.ncbi.nlm.nih.gov/sos5/sra-pub-zq-11/SRR001/313/SRR1313221/SRR1313221.sralite.1,SRX559872,,RNA-Seq,cDNA,TRANSCRIPTOMIC,PAIRED,0,0,ILLUMINA,Illumina HiSeq 2000,SRP042620,PRJNA251383,2,251383,SRS624417,SAMN02821008,simple,9606,Homo sapiens,GSM1401807,,,,,,,no,,,,,GEO,SRA168404,,public,B406551D5257D020A2D881D2B04D9A37,7FEB5FE4CB953A672ED70D4C4D9BF2C0
SRR1313222,2014-06-12 16:16:14,2014-06-02 15:04:20,62191343,6219134300,62191343,100,4054,,https://sra-downloadb.be-md.ncbi.nlm.nih.gov/sos5/sra-pub-zq-11/SRR001/313/SRR1313222/SRR1313222.sralite.1,SRX559873,,RNA-Seq,cDNA,TRANSCRIPTOMIC,PAIRED,0,0,ILLUMINA,Illumina HiSeq 2000,SRP042620,PRJNA251383,2,251383,SRS624416,SAMN02821023,simple,9606,Homo sapiens,GSM1401808,,,,,,,no,,,,,GEO,SRA168404,,public,23347C2E6C1AD9EF3329001BDEC58495,2C67F845B45193E304EB852BC63DE58A
SRR1313223,2014-06-12 16:16:14,2014-06-02 14:43:50,53473417,5347341700,53473417,100,3550,,https://sra-downloadb.be-md.ncbi.nlm.nih.gov/sos5/sra-pub-zq-11/SRR001/313/SRR1313223/SRR1313223.sralite.1,SRX559874,,RNA-Seq,cDNA,TRANSCRIPTOMIC,PAIRED,0,0,ILLUMINA,Illumina HiSeq 2000,SRP042620,PRJNA251383,2,251383,SRS624418,SAMN02821025,simple,9606,Homo sapiens,GSM1401809,,,,,,,no,,,,,GEO,SRA168404,,public,B524DF765DD089F5E2CC0DE2186E0BE6,1D5260DC8FCE75CB3EA4D769C904EBEB
SRR1313224,2014-06-12 16:16:14,2014-06-02 14:44:56,88077467,8807746700,88077467,100,5869,,https://sra-downloadb.be-md.ncbi.nlm.nih.gov/sos5/sra-pub-zq-11/SRR001/313/SRR1313224/SRR1313224.sralite.1,SRX559875,,RNA-Seq,cDNA,TRANSCRIPTOMIC,PAIRED,0,0,ILLUMINA,Illumina HiSeq 2000,SRP042620,PRJNA251383,2,251383,SRS624419,SAMN02821018,simple,9606,Homo sapiens,GSM1401810,,,,,,,no,,,,,GEO,SRA168404,,public,B86D1643052BC0989D0254FA8EB0E323,38F12796B9AAAB7BCB912E391742E2D3
SRR1313215,2014-06-12 16:16:14,2014-06-02 14:32:21,74714751,7471475100,74714751,100,4793,,https://sra-downloadb.be-md.ncbi.nlm.nih.gov/sos5/sra-pub-zq-11/SRR001/313/SRR1313215/SRR1313215.sralite.1,SRX559866,,RNA-Seq,cDNA,TRANSCRIPTOMIC,PAIRED,0,0,ILLUMINA,Illumina HiSeq 2000,SRP042620,PRJNA251383,2,251383,SRS624409,SAMN02821012,simple,9606,Homo sapiens,GSM1401801,,,,,,,no,,,,,GEO,SRA168404,,public,8937CE89846F1E66F405F743186C9E4F,23002154DF079A6D50DC966487739266
SRR1313216,2014-06-12 16:16:14,2014-06-02 14:27:10,58904919,5890491900,58904919,100,3727,,https://sra-downloadb.be-md.ncbi.nlm.nih.gov/sos5/sra-pub-zq-11/SRR001/313/SRR1313216/SRR1313216.sralite.1,SRX559867,,RNA-Seq,cDNA,TRANSCRIPTOMIC,PAIRED,0,0,ILLUMINA,Illumina HiSeq 2000,SRP042620,PRJNA251383,2,251383,SRS624411,SAMN02821021,simple,9606,Homo sapiens,GSM1401802,,,,,,,no,,,,,GEO,SRA168404,,public,04666BB16D340BA154DC07C1E342215B,E095A4F530A64D709BBD535F02D4EF87
SRR1313217,2014-06-12 16:16:14,2014-06-02 14:29:11,64275662,6427566200,64275662,100,4123,,https://sra-downloadb.be-md.ncbi.nlm.nih.gov/sos5/sra-pub-zq-11/SRR001/313/SRR1313217/SRR1313217.sralite.1,SRX559868,,RNA-Seq,cDNA,TRANSCRIPTOMIC,PAIRED,0,0,ILLUMINA,Illumina HiSeq 2000,SRP042620,PRJNA251383,2,251383,SRS624412,SAMN02821002,simple,9606,Homo sapiens,GSM1401803,,,,,,,no,,,,,GEO,SRA168404,,public,D42CE2A708424AAD26F50DE58F9C3C56,59E1995C92868D9951B236C4DD47FFB5
SRR1313218,2014-06-12 16:16:14,2014-06-02 14:30:15,71474872,7147487200,71474872,100,4610,,https://sra-downloadb.be-md.ncbi.nlm.nih.gov/sos5/sra-pub-zq-11/SRR001/313/SRR1313218/SRR1313218.sralite.1,SRX559869,,RNA-Seq,cDNA,TRANSCRIPTOMIC,PAIRED,0,0,ILLUMINA,Illumina HiSeq 2000,SRP042620,PRJNA251383,2,251383,SRS624415,SAMN02821024,simple,9606,Homo sapiens,GSM1401804,,,,,,,no,,,,,GEO,SRA168404,,public,F62037F33E7D371023AF28031CE3DE47,9FEEA7820973EBDD3EFDD70D5553CAD7
SRR1313219,2014-06-12 16:16:14,2014-06-02 14:33:28,68477549,6847754900,68477549,100,4480,,https://sra-downloadb.be-md.ncbi.nlm.nih.gov/sos5/sra-pub-zq-11/SRR001/313/SRR1313219/SRR1313219.sralite.1,SRX559870,,RNA-Seq,cDNA,TRANSCRIPTOMIC,PAIRED,0,0,ILLUMINA,Illumina HiSeq 2000,SRP042620,PRJNA251383,2,251383,SRS624413,SAMN02821000,simple,9606,Homo sapiens,GSM1401805,,,,,,,no,,,,,GEO,SRA168404,,public,1D851305BACC4FE5148E6BE24CDBE2CC,08ED87045D95795CD38E6F46BD8F0686
SRR1313210,2014-06-12 16:16:14,2014-06-02 14:42:51,95033622,9503362200,95033622,100,6218,,https://sra-downloadb.be-md.ncbi.nlm.nih.gov/sos5/sra-pub-zq-11/SRR001/313/SRR1313210/SRR1313210.sralite.1,SRX559861,,RNA-Seq,cDNA,TRANSCRIPTOMIC,PAIRED,0,0,ILLUMINA,Illumina HiSeq 2000,SRP042620,PRJNA251383,2,251383,SRS624404,SAMN02820999,simple,9606,Homo sapiens,GSM1401796,,,,,,,no,,,,,GEO,SRA168404,,public,92174B246AAFB12AAA16A60D41546486,EE89D6D19B9A08A4D6F8B7CCACDBFC6A
SRR1313211,2014-06-12 16:16:14,2014-06-02 14:23:51,57884825,5788482500,57884825,100,3782,,https://sra-downloadb.be-md.ncbi.nlm.nih.gov/sos5/sra-pub-zq-11/SRR001/313/SRR1313211/SRR1313211.sralite.1,SRX559862,,RNA-Seq,cDNA,TRANSCRIPTOMIC,PAIRED,0,0,ILLUMINA,Illumina HiSeq 2000,SRP042620,PRJNA251383,2,251383,SRS624406,SAMN02821014,simple,9606,Homo sapiens,GSM1401797,,,,,,,no,,,,,GEO,SRA168404,,public,0293E0CC8CD18B8BB02149A0EEC16A5E,D966F93745271326669799B7708A9C43
SRR1313212,2014-06-12 16:16:14,2014-06-02 14:24:44,55842912,5584291200,55842912,100,3729,,https://sra-downloadb.be-md.ncbi.nlm.nih.gov/sos5/sra-pub-zq-11/SRR001/313/SRR1313212/SRR1313212.sralite.1,SRX559863,,RNA-Seq,cDNA,TRANSCRIPTOMIC,PAIRED,0,0,ILLUMINA,Illumina HiSeq 2000,SRP042620,PRJNA251383,2,251383,SRS624407,SAMN02821062,simple,9606,Homo sapiens,GSM1401798,,,,,,,no,,,,,GEO,SRA168404,,public,48F46F0515D2B584B4FE5A4C45B058DB,9564FFE9FA9D8679C83F6E19D9C4E63B
SRR1313213,2014-06-12 16:16:14,2014-06-02 14:29:12,85647857,8564785700,85647857,100,5760,,https://sra-downloadb.be-md.ncbi.nlm.nih.gov/sos5/sra-pub-zq-11/SRR001/313/SRR1313213/SRR1313213.sralite.1,SRX559864,,RNA-Seq,cDNA,TRANSCRIPTOMIC,PAIRED,0,0,ILLUMINA,Illumina HiSeq 2000,SRP042620,PRJNA251383,2,251383,SRS624410,SAMN02821059,simple,9606,Homo sapiens,GSM1401799,,,,,,,no,,,,,GEO,SRA168404,,public,038BB5B64D6A4AA39D85D475077C07AB,24D3130181066E9AC5005D50DFEB5EB4
SRR1313214,2014-06-12 16:16:14,2014-06-02 14:40:10,93523312,9352331200,93523312,100,6283,,https://sra-downloadb.be-md.ncbi.nlm.nih.gov/sos5/sra-pub-zq-11/SRR001/313/SRR1313214/SRR1313214.sralite.1,SRX559865,,RNA-Seq,cDNA,TRANSCRIPTOMIC,PAIRED,0,0,ILLUMINA,Illumina HiSeq 2000,SRP042620,PRJNA251383,2,251383,SRS624408,SAMN02821050,simple,9606,Homo sapiens,GSM1401800,,,,,,,no,,,,,GEO,SRA168404,,public,04F61412B244F4D335FCD9587E8FA1C4,5D55851FC6A71D92DB4BFAFA8CBCF483
SRR1313205,2014-06-12 16:16:14,2014-06-02 13:38:32,72339690,7233969000,72339690,100,4750,,https://sra-downloadb.be-md.ncbi.nlm.nih.gov/sos5/sra-pub-zq-11/SRR001/313/SRR1313205/SRR1313205.sralite.1,SRX559856,,RNA-Seq,cDNA,TRANSCRIPTOMIC,PAIRED,0,0,ILLUMINA,Illumina HiSeq 2000,SRP042620,PRJNA251383,2,251383,SRS624400,SAMN02821048,simple,9606,Homo sapiens,GSM1401791,,,,,,,no,,,,,GEO,SRA168404,,public,7773177E2D43FFCFF53812B2D01F0EC8,4004DCD1C1B5B1A94C6D6CEBD8349535
SRR1313206,2014-06-12 16:16:14,2014-06-02 15:02:32,80855321,8085532100,80855321,100,5339,,https://sra-downloadb.be-md.ncbi.nlm.nih.gov/sos5/sra-pub-zq-11/SRR001/313/SRR1313206/SRR1313206.sralite.1,SRX559857,,RNA-Seq,cDNA,TRANSCRIPTOMIC,PAIRED,0,0,ILLUMINA,Illumina HiSeq 2000,SRP042620,PRJNA251383,2,251383,SRS624403,SAMN02821065,simple,9606,Homo sapiens,GSM1401792,,,,,,,no,,,,,GEO,SRA168404,,public,BD1B88CD6488D8E5906EF6F7D880589B,C34B78933BDD08E165B7D098158AB1F9
SRR1313207,2014-06-12 16:16:14,2014-06-02 13:39:07,73169471,7316947100,73169471,100,4814,,https://sra-downloadb.be-md.ncbi.nlm.nih.gov/sos5/sra-pub-zq-11/SRR001/313/SRR1313207/SRR1313207.sralite.1,SRX559858,,RNA-Seq,cDNA,TRANSCRIPTOMIC,PAIRED,0,0,ILLUMINA,Illumina HiSeq 2000,SRP042620,PRJNA251383,2,251383,SRS624401,SAMN02820998,simple,9606,Homo sapiens,GSM1401793,,,,,,,no,,,,,GEO,SRA168404,,public,07FEFF9FD772D6DB7F589C7A582F5D16,7B61696D17B7A8B328CDC98C56415C9E
SRR1313208,2014-06-12 16:16:14,2014-06-02 13:38:46,77100510,7710051000,77100510,100,5053,,https://sra-downloadb.be-md.ncbi.nlm.nih.gov/sos5/sra-pub-zq-11/SRR001/313/SRR1313208/SRR1313208.sralite.1,SRX559859,,RNA-Seq,cDNA,TRANSCRIPTOMIC,PAIRED,0,0,ILLUMINA,Illumina HiSeq 2000,SRP042620,PRJNA251383,2,251383,SRS624402,SAMN02821019,simple,9606,Homo sapiens,GSM1401794,,,,,,,no,,,,,GEO,SRA168404,,public,BF3B693C281BD4270CFCF400F343377F,691A2E9B7A7287010C6E7602CBF241AC
SRR1313209,2014-06-12 16:16:14,2014-06-02 14:28:22,90927537,9092753700,90927537,100,6039,,https://sra-downloadb.be-md.ncbi.nlm.nih.gov/sos5/sra-pub-zq-11/SRR001/313/SRR1313209/SRR1313209.sralite.1,SRX559860,,RNA-Seq,cDNA,TRANSCRIPTOMIC,PAIRED,0,0,ILLUMINA,Illumina HiSeq 2000,SRP042620,PRJNA251383,2,251383,SRS624405,SAMN02821005,simple,9606,Homo sapiens,GSM1401795,,,,,,,no,,,,,GEO,SRA168404,,public,31F90C0EFB261E8A53057FC12B3D8CE8,EB3992C7ED2AC0EB3BD6F2E8B5B80427
SRR1313200,2014-06-12 16:16:14,2014-06-02 13:38:57,48661869,4866186900,48661869,100,3116,,https://sra-downloadb.be-md.ncbi.nlm.nih.gov/sos5/sra-pub-zq-11/SRR001/313/SRR1313200/SRR1313200.sralite.1,SRX559851,,RNA-Seq,cDNA,TRANSCRIPTOMIC,PAIRED,0,0,ILLUMINA,Illumina HiSeq 2000,SRP042620,PRJNA251383,2,251383,SRS624395,SAMN02821051,simple,9606,Homo sapiens,GSM1401786,,,,,,,no,,,,,GEO,SRA168404,,public,1125BD596ED136700B2756B128EA6361,5D4C88C4E9A219F7184CC0777C2421CF
SRR1313201,2014-06-12 16:16:14,2014-06-02 13:40:57,55824823,5582482300,55824823,100,3582,,https://sra-downloadb.be-md.ncbi.nlm.nih.gov/sos5/sra-pub-zq-11/SRR001/313/SRR1313201/SRR1313201.sralite.1,SRX559852,,RNA-Seq,cDNA,TRANSCRIPTOMIC,PAIRED,0,0,ILLUMINA,Illumina HiSeq 2000,SRP042620,PRJNA251383,2,251383,SRS624396,SAMN02821056,simple,9606,Homo sapiens,GSM1401787,,,,,,,no,,,,,GEO,SRA168404,,public,7D56137C15EA1FC40C9DF5F7E04C4CAA,E138A048C58E842B4DD64BECEC9C98AC
SRR1313202,2014-06-12 16:16:14,2014-06-02 13:42:12,96308993,9630899300,96308993,100,6208,,https://sra-downloadb.be-md.ncbi.nlm.nih.gov/sos5/sra-pub-zq-11/SRR001/313/SRR1313202/SRR1313202.sralite.1,SRX559853,,RNA-Seq,cDNA,TRANSCRIPTOMIC,PAIRED,0,0,ILLUMINA,Illumina HiSeq 2000,SRP042620,PRJNA251383,2,251383,SRS624397,SAMN02821047,simple,9606,Homo sapiens,GSM1401788,,,,,,,no,,,,,GEO,SRA168404,,public,2DA7F5D6A946F6245E226F9CE323590A,74D41AC7C2005790BE22E89CB06F24E2
SRR1313203,2014-06-12 16:16:14,2014-06-02 13:45:55,75771534,7577153400,75771534,100,5239,,https://sra-downloadb.be-md.ncbi.nlm.nih.gov/sos5/sra-pub-zq-11/SRR001/313/SRR1313203/SRR1313203.sralite.1,SRX559854,,RNA-Seq,cDNA,TRANSCRIPTOMIC,PAIRED,0,0,ILLUMINA,Illumina HiSeq 2000,SRP042620,PRJNA251383,2,251383,SRS624398,SAMN02821057,simple,9606,Homo sapiens,GSM1401789,,,,,,,no,,,,,GEO,SRA168404,,public,3E216E4148895353DA12A447BD3CDEB0,F5F503D5676E264C7F16C1A0A69EA3AC
SRR1313204,2014-06-12 16:16:14,2014-06-02 13:38:32,74669030,7466903000,74669030,100,4904,,https://sra-downloadb.be-md.ncbi.nlm.nih.gov/sos5/sra-pub-zq-11/SRR001/313/SRR1313204/SRR1313204.sralite.1,SRX559855,,RNA-Seq,cDNA,TRANSCRIPTOMIC,PAIRED,0,0,ILLUMINA,Illumina HiSeq 2000,SRP042620,PRJNA251383,2,251383,SRS624399,SAMN02821058,simple,9606,Homo sapiens,GSM1401790,,,,,,,no,,,,,GEO,SRA168404,,public,ABBCFDD66C6516AEAE86382C88762FBF,569F35EFE11F21539E9E41C781B448FB
SRR1313195,2014-06-12 16:16:14,2014-06-02 13:17:58,68331492,6833149200,68331492,100,4677,,https://sra-downloadb.be-md.ncbi.nlm.nih.gov/sos5/sra-pub-zq-11/SRR001/313/SRR1313195/SRR1313195.sralite.1,SRX559846,,RNA-Seq,cDNA,TRANSCRIPTOMIC,PAIRED,0,0,ILLUMINA,Illumina HiSeq 2000,SRP042620,PRJNA251383,2,251383,SRS624390,SAMN02821055,simple,9606,Homo sapiens,GSM1401781,,,,,,,no,,,,,GEO,SRA168404,,public,51CD064A85D69C4227634AEF03E9D98E,EB0BC420ECD4A35EE8E8D0CB035D035C
SRR1313196,2014-06-12 16:16:14,2014-06-02 13:21:10,68132284,6813228400,68132284,100,4594,,https://sra-downloadb.be-md.ncbi.nlm.nih.gov/sos5/sra-pub-zq-11/SRR001/313/SRR1313196/SRR1313196.sralite.1,SRX559847,,RNA-Seq,cDNA,TRANSCRIPTOMIC,PAIRED,0,0,ILLUMINA,Illumina HiSeq 2000,SRP042620,PRJNA251383,2,251383,SRS624391,SAMN02821045,simple,9606,Homo sapiens,GSM1401782,,,,,,,no,,,,,GEO,SRA168404,,public,E46F87591EC5AAB9972EA4EDDF897245,AA937628BB25EFA8AE31E7DC124C8008
SRR1313197,2014-06-12 16:16:14,2014-06-02 13:21:38,59699018,5969901800,59699018,100,3999,,https://sra-downloadb.be-md.ncbi.nlm.nih.gov/sos5/sra-pub-zq-11/SRR001/313/SRR1313197/SRR1313197.sralite.1,SRX559848,,RNA-Seq,cDNA,TRANSCRIPTOMIC,PAIRED,0,0,ILLUMINA,Illumina HiSeq 2000,SRP042620,PRJNA251383,2,251383,SRS624392,SAMN02821052,simple,9606,Homo sapiens,GSM1401783,,,,,,,no,,,,,GEO,SRA168404,,public,7B14997C8E0410DABAEF73EFEF7D86C6,4A51DAF898FB403928C24878D22C6FC5
SRR1313198,2014-06-12 16:16:14,2014-06-02 13:24:58,55170031,5517003100,55170031,100,3513,,https://sra-downloadb.be-md.ncbi.nlm.nih.gov/sos5/sra-pub-zq-11/SRR001/313/SRR1313198/SRR1313198.sralite.1,SRX559849,,RNA-Seq,cDNA,TRANSCRIPTOMIC,PAIRED,0,0,ILLUMINA,Illumina HiSeq 2000,SRP042620,PRJNA251383,2,251383,SRS624393,SAMN02821054,simple,9606,Homo sapiens,GSM1401784,,,,,,,no,,,,,GEO,SRA168404,,public,2589C34F070757CC8EC040D6F2E2D881,5D6EAEABC7A7EF6C45D8D4C63AF584CE
SRR1313199,2014-06-12 16:16:14,2014-06-02 13:29:03,58580303,5858030300,58580303,100,3768,,https://sra-downloadb.be-md.ncbi.nlm.nih.gov/sos5/sra-pub-zq-11/SRR001/313/SRR1313199/SRR1313199.sralite.1,SRX559850,,RNA-Seq,cDNA,TRANSCRIPTOMIC,PAIRED,0,0,ILLUMINA,Illumina HiSeq 2000,SRP042620,PRJNA251383,2,251383,SRS624394,SAMN02821046,simple,9606,Homo sapiens,GSM1401785,,,,,,,no,,,,,GEO,SRA168404,,public,D1C4EF05585A5F06030D6D53E3294B41,C0C93995CAED91C06CFA27AAEFB04AEE
SRR1313190,2014-06-12 16:16:14,2014-06-02 13:15:50,60490260,6049026000,60490260,100,4042,,https://sra-downloadb.be-md.ncbi.nlm.nih.gov/sos5/sra-pub-zq-11/SRR001/313/SRR1313190/SRR1313190.sralite.1,SRX559841,,RNA-Seq,cDNA,TRANSCRIPTOMIC,PAIRED,0,0,ILLUMINA,Illumina HiSeq 2000,SRP042620,PRJNA251383,2,251383,SRS624385,SAMN02821040,simple,9606,Homo sapiens,GSM1401776,,,,,,,no,,,,,GEO,SRA168404,,public,3F6E6294300C10BDE7B46FE678B5BA3F,7CDCC9521FF959C93E96A4E4BEBCF88E
SRR1313191,2014-06-12 16:16:14,2014-06-02 13:12:07,60155159,6015515900,60155159,100,4012,,https://sra-downloadb.be-md.ncbi.nlm.nih.gov/sos5/sra-pub-zq-11/SRR001/313/SRR1313191/SRR1313191.sralite.1,SRX559842,,RNA-Seq,cDNA,TRANSCRIPTOMIC,PAIRED,0,0,ILLUMINA,Illumina HiSeq 2000,SRP042620,PRJNA251383,2,251383,SRS624386,SAMN02821042,simple,9606,Homo sapiens,GSM1401777,,,,,,,no,,,,,GEO,SRA168404,,public,F152D5B357831253347864ADFD94EABD,942518FEA66B2A885391CC8BAC4D90D0
SRR1313192,2014-06-12 16:16:14,2014-06-02 13:12:55,60515226,6051522600,60515226,100,3954,,https://sra-downloadb.be-md.ncbi.nlm.nih.gov/sos5/sra-pub-zq-11/SRR001/313/SRR1313192/SRR1313192.sralite.1,SRX559843,,RNA-Seq,cDNA,TRANSCRIPTOMIC,PAIRED,0,0,ILLUMINA,Illumina HiSeq 2000,SRP042620,PRJNA251383,2,251383,SRS624387,SAMN02821041,simple,9606,Homo sapiens,GSM1401778,,,,,,,no,,,,,GEO,SRA168404,,public,5C609A5E8BA5C3A5F0190B43166AEEA6,F846F08E1C4DCB83ABF820540E4C14D1
SRR1313193,2014-06-12 16:16:14,2014-06-02 13:13:49,62331351,6233135100,62331351,100,4149,,https://sra-downloadb.be-md.ncbi.nlm.nih.gov/sos5/sra-pub-zq-11/SRR001/313/SRR1313193/SRR1313193.sralite.1,SRX559844,,RNA-Seq,cDNA,TRANSCRIPTOMIC,PAIRED,0,0,ILLUMINA,Illumina HiSeq 2000,SRP042620,PRJNA251383,2,251383,SRS624388,SAMN02821044,simple,9606,Homo sapiens,GSM1401779,,,,,,,no,,,,,GEO,SRA168404,,public,15B810F53B41EC39C11BD0E0A6DD231C,5726DC71E40CFA6F01704955E8C14DB9
SRR1313194,2014-06-12 16:16:14,2014-06-02 13:16:12,52967057,5296705700,52967057,100,3523,,https://sra-downloadb.be-md.ncbi.nlm.nih.gov/sos5/sra-pub-zq-11/SRR001/313/SRR1313194/SRR1313194.sralite.1,SRX559845,,RNA-Seq,cDNA,TRANSCRIPTOMIC,PAIRED,0,0,ILLUMINA,Illumina HiSeq 2000,SRP042620,PRJNA251383,2,251383,SRS624389,SAMN02821043,simple,9606,Homo sapiens,GSM1401780,,,,,,,no,,,,,GEO,SRA168404,,public,E2BAA28AB314704D7E2201DC9E985799,B5A576575749C99B629761A1E46B7618
SRR1313185,2014-06-12 16:16:14,2014-06-02 12:59:57,54053309,5405330900,54053309,100,3491,,https://sra-downloadb.be-md.ncbi.nlm.nih.gov/sos5/sra-pub-zq-11/SRR001/313/SRR1313185/SRR1313185.sralite.1,SRX559836,,RNA-Seq,cDNA,TRANSCRIPTOMIC,PAIRED,0,0,ILLUMINA,Illumina HiSeq 2000,SRP042620,PRJNA251383,2,251383,SRS624380,SAMN02821035,simple,9606,Homo sapiens,GSM1401771,,,,,,,no,,,,,GEO,SRA168404,,public,785C5631146C96C0E46E974543A02798,B32053D1D27B3EDCBD610FBB2FEA6A21
SRR1313186,2014-06-12 16:16:14,2014-06-02 13:01:00,57809026,5780902600,57809026,100,3736,,https://sra-downloadb.be-md.ncbi.nlm.nih.gov/sos5/sra-pub-zq-11/SRR001/313/SRR1313186/SRR1313186.sralite.1,SRX559837,,RNA-Seq,cDNA,TRANSCRIPTOMIC,PAIRED,0,0,ILLUMINA,Illumina HiSeq 2000,SRP042620,PRJNA251383,2,251383,SRS624383,SAMN02821036,simple,9606,Homo sapiens,GSM1401772,,,,,,,no,,,,,GEO,SRA168404,,public,C614A8799237D7492BF2B79CAB4BCDED,A0A6B7601398E004FBD3AE527FC4D57C
SRR1313187,2014-06-12 16:16:14,2014-06-02 13:07:24,71583225,7158322500,71583225,100,4827,,https://sra-downloadb.be-md.ncbi.nlm.nih.gov/sos5/sra-pub-zq-11/SRR001/313/SRR1313187/SRR1313187.sralite.1,SRX559838,,RNA-Seq,cDNA,TRANSCRIPTOMIC,PAIRED,0,0,ILLUMINA,Illumina HiSeq 2000,SRP042620,PRJNA251383,2,251383,SRS624382,SAMN02821039,simple,9606,Homo sapiens,GSM1401773,,,,,,,no,,,,,GEO,SRA168404,,public,16995CC8A39A6AA31CEDD3FDF35860E0,1B70AF3F70FD2339A8A98DC1F79A75FE
SRR1313188,2014-06-12 16:16:14,2014-06-02 13:05:24,57071703,5707170300,57071703,100,3638,,https://sra-downloadb.be-md.ncbi.nlm.nih.gov/sos5/sra-pub-zq-11/SRR001/313/SRR1313188/SRR1313188.sralite.1,SRX559839,,RNA-Seq,cDNA,TRANSCRIPTOMIC,PAIRED,0,0,ILLUMINA,Illumina HiSeq 2000,SRP042620,PRJNA251383,2,251383,SRS624381,SAMN02821037,simple,9606,Homo sapiens,GSM1401774,,,,,,,no,,,,,GEO,SRA168404,,public,467193DBCE5D2391645AB9B044764C1A,8189F1D559D04F5387A417073AAE62FC
SRR1313189,2014-06-12 16:16:14,2014-06-02 13:08:15,73167474,7316747400,73167474,100,4879,,https://sra-downloadb.be-md.ncbi.nlm.nih.gov/sos5/sra-pub-zq-11/SRR001/313/SRR1313189/SRR1313189.sralite.1,SRX559840,,RNA-Seq,cDNA,TRANSCRIPTOMIC,PAIRED,0,0,ILLUMINA,Illumina HiSeq 2000,SRP042620,PRJNA251383,2,251383,SRS624384,SAMN02821038,simple,9606,Homo sapiens,GSM1401775,,,,,,,no,,,,,GEO,SRA168404,,public,4B3149DF35BFF7D6244B83AA151D4CE8,849A3E3CC9F5A697FFA2D63D3E2BD8BF
SRR1313180,2014-06-12 16:16:14,2014-06-02 12:49:19,49477861,4947786100,49477861,100,3171,,https://sra-downloadb.be-md.ncbi.nlm.nih.gov/sos5/sra-pub-zq-11/SRR001/313/SRR1313180/SRR1313180.sralite.1,SRX559831,,RNA-Seq,cDNA,TRANSCRIPTOMIC,PAIRED,0,0,ILLUMINA,Illumina HiSeq 2000,SRP042620,PRJNA251383,2,251383,SRS624375,SAMN02821033,simple,9606,Homo sapiens,GSM1401766,,,,,,,no,,,,,GEO,SRA168404,,public,C4629186CA8EF7312CE7F0177225254D,1A5F58D8A9FD12021D6B26244FCF7A7D
SRR1313181,2014-06-12 16:16:14,2014-06-02 12:51:56,64051940,6405194000,64051940,100,4184,,https://sra-downloadb.be-md.ncbi.nlm.nih.gov/sos5/sra-pub-zq-11/SRR001/313/SRR1313181/SRR1313181.sralite.1,SRX559832,,RNA-Seq,cDNA,TRANSCRIPTOMIC,PAIRED,0,0,ILLUMINA,Illumina HiSeq 2000,SRP042620,PRJNA251383,2,251383,SRS624376,SAMN02821034,simple,9606,Homo sapiens,GSM1401767,,,,,,,no,,,,,GEO,SRA168404,,public,490608D5E8A55FEB3C730363517F58AC,94B6CF08C92458B1638EAEDE9B4DD45B
SRR1313182,2014-06-12 16:16:14,2014-06-02 12:55:41,64891669,6489166900,64891669,100,4008,,https://sra-downloadb.be-md.ncbi.nlm.nih.gov/sos5/sra-pub-zq-11/SRR001/313/SRR1313182/SRR1313182.sralite.1,SRX559833,,RNA-Seq,cDNA,TRANSCRIPTOMIC,PAIRED,0,0,ILLUMINA,Illumina HiSeq 2000,SRP042620,PRJNA251383,2,251383,SRS624378,SAMN02821088,simple,9606,Homo sapiens,GSM1401768,,,,,,,no,,,,,GEO,SRA168404,,public,C8AAA8B1ECEC0F2CB8FBAD61FD2393BF,FC187065AA5371CC7DCD4AC97734D34B
SRR1313183,2014-06-12 16:16:14,2014-06-02 12:55:44,50456888,5045688800,50456888,100,3197,,https://sra-downloadb.be-md.ncbi.nlm.nih.gov/sos5/sra-pub-zq-11/SRR001/313/SRR1313183/SRR1313183.sralite.1,SRX559834,,RNA-Seq,cDNA,TRANSCRIPTOMIC,PAIRED,0,0,ILLUMINA,Illumina HiSeq 2000,SRP042620,PRJNA251383,2,251383,SRS624377,SAMN02821085,simple,9606,Homo sapiens,GSM1401769,,,,,,,no,,,,,GEO,SRA168404,,public,873C6513855E9B07878B9E072CBD4FD0,67FF9637DF5873B337502D721F669143
SRR1313184,2014-06-12 16:16:14,2014-06-02 13:04:54,60998376,6099837600,60998376,100,4125,,https://sra-downloadb.be-md.ncbi.nlm.nih.gov/sos5/sra-pub-zq-11/SRR001/313/SRR1313184/SRR1313184.sralite.1,SRX559835,,RNA-Seq,cDNA,TRANSCRIPTOMIC,PAIRED,0,0,ILLUMINA,Illumina HiSeq 2000,SRP042620,PRJNA251383,2,251383,SRS624379,SAMN02821032,simple,9606,Homo sapiens,GSM1401770,,,,,,,no,,,,,GEO,SRA168404,,public,497C3A2AF5ED9A464B2F6C3AC9D92EF3,C54458B677C584B401645FC25FB4C8DE
SRR1313175,2014-06-12 16:16:14,2014-06-02 12:41:49,60547533,6054753300,60547533,100,4054,,https://sra-downloadb.be-md.ncbi.nlm.nih.gov/sos5/sra-pub-zq-11/SRR001/313/SRR1313175/SRR1313175.sralite.1,SRX559826,,RNA-Seq,cDNA,TRANSCRIPTOMIC,PAIRED,0,0,ILLUMINA,Illumina HiSeq 2000,SRP042620,PRJNA251383,2,251383,SRS624371,SAMN02821086,simple,9606,Homo sapiens,GSM1401761,,,,,,,no,,,,,GEO,SRA168404,,public,1DD4D2A70EB41F29A4C6689939CE6C80,29471CC51F4B4D614F1F9D3569A68D50
SRR1313176,2014-06-12 16:16:14,2014-06-02 12:52:46,70003605,7000360500,70003605,100,4690,,https://sra-downloadb.be-md.ncbi.nlm.nih.gov/sos5/sra-pub-zq-11/SRR001/313/SRR1313176/SRR1313176.sralite.1,SRX559827,,RNA-Seq,cDNA,TRANSCRIPTOMIC,PAIRED,0,0,ILLUMINA,Illumina HiSeq 2000,SRP042620,PRJNA251383,2,251383,SRS624370,SAMN02821087,simple,9606,Homo sapiens,GSM1401762,,,,,,,no,,,,,GEO,SRA168404,,public,B532A2DC8AF2904CF9FA0EFD00890ACA,468A54E64D5E358994573D6BB1AF576A
SRR1313177,2014-06-12 16:16:14,2014-06-02 12:43:01,55032017,5503201700,55032017,100,3584,,https://sra-downloadb.be-md.ncbi.nlm.nih.gov/sos5/sra-pub-zq-11/SRR001/313/SRR1313177/SRR1313177.sralite.1,SRX559828,,RNA-Seq,cDNA,TRANSCRIPTOMIC,PAIRED,0,0,ILLUMINA,Illumina HiSeq 2000,SRP042620,PRJNA251383,2,251383,SRS624373,SAMN02821090,simple,9606,Homo sapiens,GSM1401763,,,,,,,no,,,,,GEO,SRA168404,,public,A6187BACEBA7FF6FE3658C3907B9E2A3,357690FA2254E6916B2CBC8AA934354C
SRR1313178,2014-06-12 16:16:14,2014-06-02 12:48:14,67268286,6726828600,67268286,100,4460,,https://sra-downloadb.be-md.ncbi.nlm.nih.gov/sos5/sra-pub-zq-11/SRR001/313/SRR1313178/SRR1313178.sralite.1,SRX559829,,RNA-Seq,cDNA,TRANSCRIPTOMIC,PAIRED,0,0,ILLUMINA,Illumina HiSeq 2000,SRP042620,PRJNA251383,2,251383,SRS624372,SAMN02821029,simple,9606,Homo sapiens,GSM1401764,,,,,,,no,,,,,GEO,SRA168404,,public,0816F1CE669AC6D05F9F9B66F823484B,D86FBA76AE296ABD8812899489CC1F39
SRR1313179,2014-06-12 16:16:14,2014-06-02 12:46:49,43997918,4399791800,43997918,100,2804,,https://sra-downloadb.be-md.ncbi.nlm.nih.gov/sos5/sra-pub-zq-11/SRR001/313/SRR1313179/SRR1313179.sralite.1,SRX559830,,RNA-Seq,cDNA,TRANSCRIPTOMIC,PAIRED,0,0,ILLUMINA,Illumina HiSeq 2000,SRP042620,PRJNA251383,2,251383,SRS624374,SAMN02821031,simple,9606,Homo sapiens,GSM1401765,,,,,,,no,,,,,GEO,SRA168404,,public,A934D44C6260CD63BB88BDA80872E417,F72A7405227D2134F02A6ADA1946777C
SRR1313170,2014-06-12 16:16:14,2014-06-02 14:36:40,48199607,4819960700,48199607,100,3197,,https://sra-downloadb.be-md.ncbi.nlm.nih.gov/sos5/sra-pub-zq-11/SRR001/313/SRR1313170/SRR1313170.sralite.1,SRX559821,,RNA-Seq,cDNA,TRANSCRIPTOMIC,PAIRED,0,0,ILLUMINA,Illumina HiSeq 2000,SRP042620,PRJNA251383,2,251383,SRS624364,SAMN02821080,simple,9606,Homo sapiens,GSM1401756,,,,,,,no,,,,,GEO,SRA168404,,public,01418F1F63C1E1F08055DFA0059A6FD4,BF40A8375B2CDDFF446C647D540C23F2
SRR1313171,2014-06-12 16:16:14,2014-06-02 14:38:35,44672494,4467249400,44672494,100,2988,,https://sra-downloadb.be-md.ncbi.nlm.nih.gov/sos5/sra-pub-zq-11/SRR001/313/SRR1313171/SRR1313171.sralite.1,SRX559822,,RNA-Seq,cDNA,TRANSCRIPTOMIC,PAIRED,0,0,ILLUMINA,Illumina HiSeq 2000,SRP042620,PRJNA251383,2,251383,SRS624367,SAMN02821083,simple,9606,Homo sapiens,GSM1401757,,,,,,,no,,,,,GEO,SRA168404,,public,927DC8DCE5D258F0FED82347D60741F7,FD9B99F738A8C964802DD165413FB1A0
SRR1313172,2014-06-12 16:16:14,2014-06-02 14:39:39,50208208,5020820800,50208208,100,3385,,https://sra-downloadb.be-md.ncbi.nlm.nih.gov/sos5/sra-pub-zq-11/SRR001/313/SRR1313172/SRR1313172.sralite.1,SRX559823,,RNA-Seq,cDNA,TRANSCRIPTOMIC,PAIRED,0,0,ILLUMINA,Illumina HiSeq 2000,SRP042620,PRJNA251383,2,251383,SRS624366,SAMN02821081,simple,9606,Homo sapiens,GSM1401758,,,,,,,no,,,,,GEO,SRA168404,,public,1C18D054BBC67ED4A120DFD22A8438CE,A6001D38CC337DFE65258E335AFD72F9
SRR1313173,2014-06-12 16:16:14,2014-06-02 14:42:37,52390616,5239061600,52390616,100,3553,,https://sra-downloadb.be-md.ncbi.nlm.nih.gov/sos5/sra-pub-zq-11/SRR001/313/SRR1313173/SRR1313173.sralite.1,SRX559824,,RNA-Seq,cDNA,TRANSCRIPTOMIC,PAIRED,0,0,ILLUMINA,Illumina HiSeq 2000,SRP042620,PRJNA251383,2,251383,SRS624369,SAMN02821082,simple,9606,Homo sapiens,GSM1401759,,,,,,,no,,,,,GEO,SRA168404,,public,8BEFD38C1613FCA0C9437171055432CA,98DD517E805132F0E0AB26ECE06D82A1
SRR1313174,2014-06-12 16:16:14,2014-06-02 12:36:36,48187954,4818795400,48187954,100,3096,,https://sra-downloadb.be-md.ncbi.nlm.nih.gov/sos5/sra-pub-zq-11/SRR001/313/SRR1313174/SRR1313174.sralite.1,SRX559825,,RNA-Seq,cDNA,TRANSCRIPTOMIC,PAIRED,0,0,ILLUMINA,Illumina HiSeq 2000,SRP042620,PRJNA251383,2,251383,SRS624368,SAMN02821084,simple,9606,Homo sapiens,GSM1401760,,,,,,,no,,,,,GEO,SRA168404,,public,872AEA7784DF7D96ED4B2E8B7FF2F038,74D6F0D7B8229A82835F8F95CD67FCF2
SRR1313165,2014-06-12 16:16:14,2014-06-02 14:33:32,82674106,8267410600,82674106,100,5421,,https://sra-downloadb.be-md.ncbi.nlm.nih.gov/sos5/sra-pub-zq-11/SRR001/313/SRR1313165/SRR1313165.sralite.1,SRX559816,,RNA-Seq,cDNA,TRANSCRIPTOMIC,PAIRED,0,0,ILLUMINA,Illumina HiSeq 2000,SRP042620,PRJNA251383,2,251383,SRS624359,SAMN02821075,simple,9606,Homo sapiens,GSM1401751,,,,,,,no,,,,,GEO,SRA168404,,public,8F9676371D8924B1E4CA348145AC9DDD,4705DE3D7506352028659B27859ECCAD
SRR1313166,2014-06-12 16:16:14,2014-06-02 14:34:21,71060803,7106080300,71060803,100,4663,,https://sra-downloadb.be-md.ncbi.nlm.nih.gov/sos5/sra-pub-zq-11/SRR001/313/SRR1313166/SRR1313166.sralite.1,SRX559817,,RNA-Seq,cDNA,TRANSCRIPTOMIC,PAIRED,0,0,ILLUMINA,Illumina HiSeq 2000,SRP042620,PRJNA251383,2,251383,SRS624360,SAMN02821077,simple,9606,Homo sapiens,GSM1401752,,,,,,,no,,,,,GEO,SRA168404,,public,84805212A9D91EFA610D02F9E7B8800F,C5ACD87786E1BC1759B8329819AE1655
SRR1313167,2014-06-12 16:16:14,2014-06-02 14:32:51,75220747,7522074700,75220747,100,4971,,https://sra-downloadb.be-md.ncbi.nlm.nih.gov/sos5/sra-pub-zq-11/SRR001/313/SRR1313167/SRR1313167.sralite.1,SRX559818,,RNA-Seq,cDNA,TRANSCRIPTOMIC,PAIRED,0,0,ILLUMINA,Illumina HiSeq 2000,SRP042620,PRJNA251383,2,251383,SRS624362,SAMN02821079,simple,9606,Homo sapiens,GSM1401753,,,,,,,no,,,,,GEO,SRA168404,,public,074E185732F20EC27843F02BB75518BB,2EE233A6CA0DCA08443548AAF8903449
SRR1313168,2014-06-12 16:16:14,2014-06-02 14:40:08,49719373,4971937300,49719373,100,3213,,https://sra-downloadb.be-md.ncbi.nlm.nih.gov/sos5/sra-pub-zq-11/SRR001/313/SRR1313168/SRR1313168.sralite.1,SRX559819,,RNA-Seq,cDNA,TRANSCRIPTOMIC,PAIRED,0,0,ILLUMINA,Illumina HiSeq 2000,SRP042620,PRJNA251383,2,251383,SRS624363,SAMN02821076,simple,9606,Homo sapiens,GSM1401754,,,,,,,no,,,,,GEO,SRA168404,,public,00FB5D6E5DCBD615700A512BCF22BFE2,8F16CD1BC95879CB02B5164730164785
SRR1313169,2014-06-12 16:16:14,2014-06-02 14:56:25,56571123,5657112300,56571123,100,3657,,https://sra-downloadb.be-md.ncbi.nlm.nih.gov/sos5/sra-pub-zq-11/SRR001/313/SRR1313169/SRR1313169.sralite.1,SRX559820,,RNA-Seq,cDNA,TRANSCRIPTOMIC,PAIRED,0,0,ILLUMINA,Illumina HiSeq 2000,SRP042620,PRJNA251383,2,251383,SRS624365,SAMN02821078,simple,9606,Homo sapiens,GSM1401755,,,,,,,no,,,,,GEO,SRA168404,,public,8AE96DDD52065E4AC3DEBE6ECC3028A0,08AB6E2FD79234CD832CADE0EED8BBD6
SRR1313160,2014-06-12 16:16:14,2014-06-02 14:20:26,66153963,6615396300,66153963,100,4341,,https://sra-downloadb.be-md.ncbi.nlm.nih.gov/sos5/sra-pub-zq-11/SRR001/313/SRR1313160/SRR1313160.sralite.1,SRX559811,,RNA-Seq,cDNA,TRANSCRIPTOMIC,PAIRED,0,0,ILLUMINA,Illumina HiSeq 2000,SRP042620,PRJNA251383,2,251383,SRS624356,SAMN02821066,simple,9606,Homo sapiens,GSM1401746,,,,,,,no,,,,,GEO,SRA168404,,public,93CE0DD034769E491559D8C4473C3F37,9A0F2506317E97872310169D336B5622
SRR1313161,2014-06-12 16:16:14,2014-06-02 14:26:05,71243158,7124315800,71243158,100,4667,,https://sra-downloadb.be-md.ncbi.nlm.nih.gov/sos5/sra-pub-zq-11/SRR001/313/SRR1313161/SRR1313161.sralite.1,SRX559812,,RNA-Seq,cDNA,TRANSCRIPTOMIC,PAIRED,0,0,ILLUMINA,Illumina HiSeq 2000,SRP042620,PRJNA251383,2,251383,SRS624354,SAMN02821072,simple,9606,Homo sapiens,GSM1401747,,,,,,,no,,,,,GEO,SRA168404,,public,81441F233DDD8BF02C8886AC20D6EFED,9E1190B5793B904BA802116C3E9100A0
SRR1313162,2014-06-12 16:16:14,2014-06-02 14:21:55,67603352,6760335200,67603352,100,4432,,https://sra-downloadb.be-md.ncbi.nlm.nih.gov/sos5/sra-pub-zq-11/SRR001/313/SRR1313162/SRR1313162.sralite.1,SRX559813,,RNA-Seq,cDNA,TRANSCRIPTOMIC,PAIRED,0,0,ILLUMINA,Illumina HiSeq 2000,SRP042620,PRJNA251383,2,251383,SRS624357,SAMN02821074,simple,9606,Homo sapiens,GSM1401748,,,,,,,no,,,,,GEO,SRA168404,,public,A9697C893EB07D9E3E934B880A8CD136,009303E24E91A5BF0D3499813DE5A0AC
SRR1313163,2014-06-12 16:16:14,2014-06-02 14:21:09,60766284,6076628400,60766284,100,3966,,https://sra-downloadb.be-md.ncbi.nlm.nih.gov/sos5/sra-pub-zq-11/SRR001/313/SRR1313163/SRR1313163.sralite.1,SRX559814,,RNA-Seq,cDNA,TRANSCRIPTOMIC,PAIRED,0,0,ILLUMINA,Illumina HiSeq 2000,SRP042620,PRJNA251383,2,251383,SRS624358,SAMN02821070,simple,9606,Homo sapiens,GSM1401749,,,,,,,no,,,,,GEO,SRA168404,,public,1F0E8C8B0F90DCCC5EB5DE63A896D0A0,DBB1AC16D36E50FC585E7EA4B0566824
SRR1313164,2014-06-12 16:16:14,2014-06-02 14:24:51,52226357,5222635700,52226357,100,3308,,https://sra-downloadb.be-md.ncbi.nlm.nih.gov/sos5/sra-pub-zq-11/SRR001/313/SRR1313164/SRR1313164.sralite.1,SRX559815,,RNA-Seq,cDNA,TRANSCRIPTOMIC,PAIRED,0,0,ILLUMINA,Illumina HiSeq 2000,SRP042620,PRJNA251383,2,251383,SRS624361,SAMN02821073,simple,9606,Homo sapiens,GSM1401750,,,,,,,no,,,,,GEO,SRA168404,,public,AD2830E5E2CF1CF7D454B2FB7551BD0C,6E5C97828DBBE1756ABD1E72CB538900
SRR1313155,2014-06-12 16:16:14,2014-06-02 14:17:09,78640642,7864064200,78640642,100,5292,,https://sra-downloadb.be-md.ncbi.nlm.nih.gov/sos5/sra-pub-zq-11/SRR001/313/SRR1313155/SRR1313155.sralite.1,SRX559806,,RNA-Seq,cDNA,TRANSCRIPTOMIC,PAIRED,0,0,ILLUMINA,Illumina HiSeq 2000,SRP042620,PRJNA251383,2,251383,SRS624351,SAMN02821063,simple,9606,Homo sapiens,GSM1401741,,,,,,,no,,,,,GEO,SRA168404,,public,5D676954578B95B5A8C4A4BF9090D2ED,3418B915E1B5EA736B8A137E2294990A
SRR1313156,2014-06-12 16:16:14,2014-06-02 14:40:38,87923089,8792308900,87923089,100,5913,,https://sra-downloadb.be-md.ncbi.nlm.nih.gov/sos5/sra-pub-zq-11/SRR001/313/SRR1313156/SRR1313156.sralite.1,SRX559807,,RNA-Seq,cDNA,TRANSCRIPTOMIC,PAIRED,0,0,ILLUMINA,Illumina HiSeq 2000,SRP042620,PRJNA251383,2,251383,SRS624350,SAMN02821053,simple,9606,Homo sapiens,GSM1401742,,,,,,,no,,,,,GEO,SRA168404,,public,E91838AC90AF8F24977E9A0EA4A85186,EF68A7144C784EB40823A5F432E8BCAF
SRR1313157,2014-06-12 16:16:14,2014-06-02 14:27:59,112442692,11244269200,112442692,100,7586,,https://sra-downloadb.be-md.ncbi.nlm.nih.gov/sos5/sra-pub-zq-11/SRR001/313/SRR1313157/SRR1313157.sralite.1,SRX559808,,RNA-Seq,cDNA,TRANSCRIPTOMIC,PAIRED,0,0,ILLUMINA,Illumina HiSeq 2000,SRP042620,PRJNA251383,2,251383,SRS624352,SAMN02821069,simple,9606,Homo sapiens,GSM1401743,,,,,,,no,,,,,GEO,SRA168404,,public,2947EAA3F0B516513701DDE81FBBBA6A,481700D49CA064E6E4D4188D4869B639
SRR1313158,2014-06-12 16:16:14,2014-06-02 14:20:13,86581994,8658199400,86581994,100,5792,,https://sra-downloadb.be-md.ncbi.nlm.nih.gov/sos5/sra-pub-zq-11/SRR001/313/SRR1313158/SRR1313158.sralite.1,SRX559809,,RNA-Seq,cDNA,TRANSCRIPTOMIC,PAIRED,0,0,ILLUMINA,Illumina HiSeq 2000,SRP042620,PRJNA251383,2,251383,SRS624353,SAMN02821064,simple,9606,Homo sapiens,GSM1401744,,,,,,,no,,,,,GEO,SRA168404,,public,7931B5416EDDA9305B72B0B85862D6E3,33923523D7D909D5194515195AAD7A6C
SRR1313159,2014-06-12 16:16:14,2014-06-02 14:35:51,107816296,10781629600,107816296,100,7097,,https://sra-downloadb.be-md.ncbi.nlm.nih.gov/sos5/sra-pub-zq-11/SRR001/313/SRR1313159/SRR1313159.sralite.1,SRX559810,,RNA-Seq,cDNA,TRANSCRIPTOMIC,PAIRED,0,0,ILLUMINA,Illumina HiSeq 2000,SRP042620,PRJNA251383,2,251383,SRS624355,SAMN02821067,simple,9606,Homo sapiens,GSM1401745,,,,,,,no,,,,,GEO,SRA168404,,public,6E9690B9F2EDB8B52740C2CEE8E7B496,71F1B553CDF44485F615B2BFBACFC01D
SRR1313150,2014-06-12 16:16:14,2014-06-02 14:19:35,86204960,8620496000,86204960,100,5663,,https://sra-downloadb.be-md.ncbi.nlm.nih.gov/sos5/sra-pub-zq-11/SRR001/313/SRR1313150/SRR1313150.sralite.1,SRX559801,,RNA-Seq,cDNA,TRANSCRIPTOMIC,PAIRED,0,0,ILLUMINA,Illumina HiSeq 2000,SRP042620,PRJNA251383,2,251383,SRS624344,SAMN02821061,simple,9606,Homo sapiens,GSM1401736,,,,,,,no,,,,,GEO,SRA168404,,public,21B66920308292441D0376EE228ECC2F,4A543394C45ED7D85DBFB5424276FB23
SRR1313151,2014-06-12 16:16:14,2014-06-02 14:27:19,78615682,7861568200,78615682,100,5162,,https://sra-downloadb.be-md.ncbi.nlm.nih.gov/sos5/sra-pub-zq-11/SRR001/313/SRR1313151/SRR1313151.sralite.1,SRX559802,,RNA-Seq,cDNA,TRANSCRIPTOMIC,PAIRED,0,0,ILLUMINA,Illumina HiSeq 2000,SRP042620,PRJNA251383,2,251383,SRS624347,SAMN02821071,simple,9606,Homo sapiens,GSM1401737,,,,,,,no,,,,,GEO,SRA168404,,public,A7D557E0C24DA58F40B093B471618355,C791AD7451F2CC5F124A09F1A1A6BE46
SRR1313152,2014-06-12 16:16:14,2014-06-02 14:16:33,73330508,7333050800,73330508,100,4792,,https://sra-downloadb.be-md.ncbi.nlm.nih.gov/sos5/sra-pub-zq-11/SRR001/313/SRR1313152/SRR1313152.sralite.1,SRX559803,,RNA-Seq,cDNA,TRANSCRIPTOMIC,PAIRED,0,0,ILLUMINA,Illumina HiSeq 2000,SRP042620,PRJNA251383,2,251383,SRS624346,SAMN02821060,simple,9606,Homo sapiens,GSM1401738,,,,,,,no,,,,,GEO,SRA168404,,public,B57CB9A89640C4C3D4CEE78489E2303E,3F6DC7363031013544ABD6BFC155AB61
SRR1313153,2014-06-12 16:16:14,2014-06-02 14:19:13,82632530,8263253000,82632530,100,5367,,https://sra-downloadb.be-md.ncbi.nlm.nih.gov/sos5/sra-pub-zq-11/SRR001/313/SRR1313153/SRR1313153.sralite.1,SRX559804,,RNA-Seq,cDNA,TRANSCRIPTOMIC,PAIRED,0,0,ILLUMINA,Illumina HiSeq 2000,SRP042620,PRJNA251383,2,251383,SRS624349,SAMN02821049,simple,9606,Homo sapiens,GSM1401739,,,,,,,no,,,,,GEO,SRA168404,,public,9E5523D675B868E8740813055EAC4DD6,4DDD90154FAEF0DA359B9868DEE61EED
SRR1313154,2014-06-12 16:16:14,2014-06-02 14:25:14,76108512,7610851200,76108512,100,4957,,https://sra-downloadb.be-md.ncbi.nlm.nih.gov/sos5/sra-pub-zq-11/SRR001/313/SRR1313154/SRR1313154.sralite.1,SRX559805,,RNA-Seq,cDNA,TRANSCRIPTOMIC,PAIRED,0,0,ILLUMINA,Illumina HiSeq 2000,SRP042620,PRJNA251383,2,251383,SRS624348,SAMN02821068,simple,9606,Homo sapiens,GSM1401740,,,,,,,no,,,,,GEO,SRA168404,,public,FA61E3DDD8DF8ED47FFEF0F6A273646E,028E682B5421D99FA0B4790F7AC461D5
SRR1313145,2014-06-12 16:16:14,2014-06-02 14:12:47,81620552,8162055200,81620552,100,5545,,https://sra-downloadb.be-md.ncbi.nlm.nih.gov/sos5/sra-pub-zq-11/SRR001/313/SRR1313145/SRR1313145.sralite.1,SRX559796,,RNA-Seq,cDNA,TRANSCRIPTOMIC,PAIRED,0,0,ILLUMINA,Illumina HiSeq 2000,SRP042620,PRJNA251383,2,251383,SRS624340,SAMN02821106,simple,9606,Homo sapiens,GSM1401731,,,,,,,no,,,,,GEO,SRA168404,,public,3A4555D160E1D8AA23BB152A9A2178B8,62359F35806BFEC1E6DC785F0977203B
SRR1313146,2014-06-12 16:16:14,2014-06-02 14:11:08,69295769,6929576900,69295769,100,4582,,https://sra-downloadb.be-md.ncbi.nlm.nih.gov/sos5/sra-pub-zq-11/SRR001/313/SRR1313146/SRR1313146.sralite.1,SRX559797,,RNA-Seq,cDNA,TRANSCRIPTOMIC,PAIRED,0,0,ILLUMINA,Illumina HiSeq 2000,SRP042620,PRJNA251383,2,251383,SRS624341,SAMN02821120,simple,9606,Homo sapiens,GSM1401732,,,,,,,no,,,,,GEO,SRA168404,,public,073066D0340C98AD9D8B243E323295C7,BA8E0AE45A56E8AE515F039E54A49D67
SRR1313147,2014-06-12 16:16:14,2014-06-02 14:14:45,87975129,8797512900,87975129,100,5833,,https://sra-downloadb.be-md.ncbi.nlm.nih.gov/sos5/sra-pub-zq-11/SRR001/313/SRR1313147/SRR1313147.sralite.1,SRX559798,,RNA-Seq,cDNA,TRANSCRIPTOMIC,PAIRED,0,0,ILLUMINA,Illumina HiSeq 2000,SRP042620,PRJNA251383,2,251383,SRS624343,SAMN02821116,simple,9606,Homo sapiens,GSM1401733,,,,,,,no,,,,,GEO,SRA168404,,public,5A291A56ED2F4D3F6FD668877EA59C62,754DF12F7D8C323DBB3FA9F4CC3C7D17
SRR1313148,2014-06-12 16:16:14,2014-06-02 14:20:25,84242373,8424237300,84242373,100,5576,,https://sra-downloadb.be-md.ncbi.nlm.nih.gov/sos5/sra-pub-zq-11/SRR001/313/SRR1313148/SRR1313148.sralite.1,SRX559799,,RNA-Seq,cDNA,TRANSCRIPTOMIC,PAIRED,0,0,ILLUMINA,Illumina HiSeq 2000,SRP042620,PRJNA251383,2,251383,SRS624342,SAMN02821112,simple,9606,Homo sapiens,GSM1401734,,,,,,,no,,,,,GEO,SRA168404,,public,00F3AEB8BA44C962BEBF82CC8D73A437,19E9BA45010B9886202DD9F91743112B
SRR1313149,2014-06-12 16:16:14,2014-06-02 14:08:45,68649552,6864955200,68649552,100,4457,,https://sra-downloadb.be-md.ncbi.nlm.nih.gov/sos5/sra-pub-zq-11/SRR001/313/SRR1313149/SRR1313149.sralite.1,SRX559800,,RNA-Seq,cDNA,TRANSCRIPTOMIC,PAIRED,0,0,ILLUMINA,Illumina HiSeq 2000,SRP042620,PRJNA251383,2,251383,SRS624345,SAMN02821121,simple,9606,Homo sapiens,GSM1401735,,,,,,,no,,,,,GEO,SRA168404,,public,B8504A5B978EA7E6AD82AEF962F94022,55758A5FFC6B18CDA8C4F518E7238D74
SRR1313140,2014-06-12 16:16:14,2014-06-02 14:11:10,84444477,8444447700,84444477,100,5879,,https://sra-downloadb.be-md.ncbi.nlm.nih.gov/sos5/sra-pub-zq-11/SRR001/313/SRR1313140/SRR1313140.sralite.1,SRX559791,,RNA-Seq,cDNA,TRANSCRIPTOMIC,PAIRED,0,0,ILLUMINA,Illumina HiSeq 2000,SRP042620,PRJNA251383,2,251383,SRS624334,SAMN02821117,simple,9606,Homo sapiens,GSM1401726,,,,,,,no,,,,,GEO,SRA168404,,public,C4C847C0332824F7AA6D8D71F3C80139,839221C68BCA864519B7627C5E046343
SRR1313141,2014-06-12 16:16:14,2014-06-02 14:15:30,90135225,9013522500,90135225,100,6155,,https://sra-downloadb.be-md.ncbi.nlm.nih.gov/sos5/sra-pub-zq-11/SRR001/313/SRR1313141/SRR1313141.sralite.1,SRX559792,,RNA-Seq,cDNA,TRANSCRIPTOMIC,PAIRED,0,0,ILLUMINA,Illumina HiSeq 2000,SRP042620,PRJNA251383,2,251383,SRS624335,SAMN02821110,simple,9606,Homo sapiens,GSM1401727,,,,,,,no,,,,,GEO,SRA168404,,public,AE4140350F418375C3EC70F9A3E536F7,8A7A25713618D72A44957C35479C06A7
SRR1313142,2014-06-12 16:16:14,2014-06-02 14:09:36,89132245,8913224500,89132245,100,6130,,https://sra-downloadb.be-md.ncbi.nlm.nih.gov/sos5/sra-pub-zq-11/SRR001/313/SRR1313142/SRR1313142.sralite.1,SRX559793,,RNA-Seq,cDNA,TRANSCRIPTOMIC,PAIRED,0,0,ILLUMINA,Illumina HiSeq 2000,SRP042620,PRJNA251383,2,251383,SRS624338,SAMN02821101,simple,9606,Homo sapiens,GSM1401728,,,,,,,no,,,,,GEO,SRA168404,,public,D41036C5C2297092A714B90C3E5E3862,5C5B8861CE026A3790400FB14FCF7D85
SRR1313143,2014-06-12 16:16:14,2014-06-02 14:13:12,94843173,9484317300,94843173,100,6405,,https://sra-downloadb.be-md.ncbi.nlm.nih.gov/sos5/sra-pub-zq-11/SRR001/313/SRR1313143/SRR1313143.sralite.1,SRX559794,,RNA-Seq,cDNA,TRANSCRIPTOMIC,PAIRED,0,0,ILLUMINA,Illumina HiSeq 2000,SRP042620,PRJNA251383,2,251383,SRS624337,SAMN02821118,simple,9606,Homo sapiens,GSM1401729,,,,,,,no,,,,,GEO,SRA168404,,public,C3A46A7E0F84B7A38F3CA851B57C6F00,A0E12B2C740B284F87FA03C3EEA6E5AF
SRR1313144,2014-06-12 16:16:14,2014-06-02 14:11:31,85512430,8551243000,85512430,100,5808,,https://sra-downloadb.be-md.ncbi.nlm.nih.gov/sos5/sra-pub-zq-11/SRR001/313/SRR1313144/SRR1313144.sralite.1,SRX559795,,RNA-Seq,cDNA,TRANSCRIPTOMIC,PAIRED,0,0,ILLUMINA,Illumina HiSeq 2000,SRP042620,PRJNA251383,2,251383,SRS624339,SAMN02821111,simple,9606,Homo sapiens,GSM1401730,,,,,,,no,,,,,GEO,SRA168404,,public,EF28F6A101BA20D0CA85A024D13FB158,E52EF4D6409E4522937A6EAC9D1DC136
SRR1313135,2014-06-12 16:16:14,2014-06-02 14:13:22,107108392,10710839200,107108392,100,7220,,https://sra-downloadb.be-md.ncbi.nlm.nih.gov/sos5/sra-pub-zq-11/SRR001/313/SRR1313135/SRR1313135.sralite.1,SRX559786,,RNA-Seq,cDNA,TRANSCRIPTOMIC,PAIRED,0,0,ILLUMINA,Illumina HiSeq 2000,SRP042620,PRJNA251383,2,251383,SRS624330,SAMN02821107,simple,9606,Homo sapiens,GSM1401721,,,,,,,no,,,,,GEO,SRA168404,,public,967EAE99EAA82234049CD4DFDF29C018,930E313FF19319043AA3BDB699A2CC63
SRR1313136,2014-06-12 16:16:14,2014-06-02 13:58:40,52025029,5202502900,52025029,100,3547,,https://sra-downloadb.be-md.ncbi.nlm.nih.gov/sos5/sra-pub-zq-11/SRR001/313/SRR1313136/SRR1313136.sralite.1,SRX559787,,RNA-Seq,cDNA,TRANSCRIPTOMIC,PAIRED,0,0,ILLUMINA,Illumina HiSeq 2000,SRP042620,PRJNA251383,2,251383,SRS624331,SAMN02821097,simple,9606,Homo sapiens,GSM1401722,,,,,,,no,,,,,GEO,SRA168404,,public,96B0AF999801D5EFE54912DDB07A4DF4,D96CCD71F7D6F3BA654E2237A1062E36
SRR1313137,2014-06-12 16:16:14,2014-06-02 14:07:42,81397258,8139725800,81397258,100,5558,,https://sra-downloadb.be-md.ncbi.nlm.nih.gov/sos5/sra-pub-zq-11/SRR001/313/SRR1313137/SRR1313137.sralite.1,SRX559788,,RNA-Seq,cDNA,TRANSCRIPTOMIC,PAIRED,0,0,ILLUMINA,Illumina HiSeq 2000,SRP042620,PRJNA251383,2,251383,SRS624332,SAMN02821115,simple,9606,Homo sapiens,GSM1401723,,,,,,,no,,,,,GEO,SRA168404,,public,A660994CF20F78718F413BC577DC4382,35C8C09C506FEE2A94BAB6B732D0A9C8
SRR1313138,2014-06-12 16:16:14,2014-06-02 14:07:18,76376053,7637605300,76376053,100,5218,,https://sra-downloadb.be-md.ncbi.nlm.nih.gov/sos5/sra-pub-zq-11/SRR001/313/SRR1313138/SRR1313138.sralite.1,SRX559789,,RNA-Seq,cDNA,TRANSCRIPTOMIC,PAIRED,0,0,ILLUMINA,Illumina HiSeq 2000,SRP042620,PRJNA251383,2,251383,SRS624333,SAMN02821108,simple,9606,Homo sapiens,GSM1401724,,,,,,,no,,,,,GEO,SRA168404,,public,33EA27E6DBF39B5FCDA209DF81673120,B4BDADDECFEB94C522F6EAD547ADDEFF
SRR1313139,2014-06-12 16:16:14,2014-06-02 14:11:45,74434889,7443488900,74434889,100,5188,,https://sra-downloadb.be-md.ncbi.nlm.nih.gov/sos5/sra-pub-zq-11/SRR001/313/SRR1313139/SRR1313139.sralite.1,SRX559790,,RNA-Seq,cDNA,TRANSCRIPTOMIC,PAIRED,0,0,ILLUMINA,Illumina HiSeq 2000,SRP042620,PRJNA251383,2,251383,SRS624336,SAMN02821098,simple,9606,Homo sapiens,GSM1401725,,,,,,,no,,,,,GEO,SRA168404,,public,6FEC4DD3EE2A9666B31DF9E997E524CA,DA0C0DAC96F275640A5DC94ACEE53CA3
SRR1313130,2014-06-12 16:16:14,2014-06-02 13:41:06,88509866,8850986600,88509866,100,5696,,https://sra-downloadb.be-md.ncbi.nlm.nih.gov/sos5/sra-pub-zq-11/SRR001/313/SRR1313130/SRR1313130.sralite.1,SRX559781,,RNA-Seq,cDNA,TRANSCRIPTOMIC,PAIRED,0,0,ILLUMINA,Illumina HiSeq 2000,SRP042620,PRJNA251383,2,251383,SRS624324,SAMN02821095,simple,9606,Homo sapiens,GSM1401716,,,,,,,no,,,,,GEO,SRA168404,,public,A1A305D103BF70DF83468ADDDB1B54BD,C568412764A458123FA7983C947F9BF2
SRR1313131,2014-06-12 16:16:14,2014-06-02 13:43:03,78822143,7882214300,78822143,100,5402,,https://sra-downloadb.be-md.ncbi.nlm.nih.gov/sos5/sra-pub-zq-11/SRR001/313/SRR1313131/SRR1313131.sralite.1,SRX559782,,RNA-Seq,cDNA,TRANSCRIPTOMIC,PAIRED,0,0,ILLUMINA,Illumina HiSeq 2000,SRP042620,PRJNA251383,2,251383,SRS624328,SAMN02821109,simple,9606,Homo sapiens,GSM1401717,,,,,,,no,,,,,GEO,SRA168404,,public,373803C72CC17922E07DDFF19021DF9C,4E79552D18CC5C4C5F5FB45012864362
SRR1313132,2014-06-12 16:16:14,2014-06-02 13:38:47,74026808,7402680800,74026808,100,4919,,https://sra-downloadb.be-md.ncbi.nlm.nih.gov/sos5/sra-pub-zq-11/SRR001/313/SRR1313132/SRR1313132.sralite.1,SRX559783,,RNA-Seq,cDNA,TRANSCRIPTOMIC,PAIRED,0,0,ILLUMINA,Illumina HiSeq 2000,SRP042620,PRJNA251383,2,251383,SRS624325,SAMN02821105,simple,9606,Homo sapiens,GSM1401718,,,,,,,no,,,,,GEO,SRA168404,,public,416BCA599EC3C32E10F5B29E1C31645D,07B68A402F2CABB8C58C937CC2ADFC4E
SRR1313133,2014-06-12 16:16:14,2014-06-02 13:48:18,66428030,6642803000,66428030,100,4417,,https://sra-downloadb.be-md.ncbi.nlm.nih.gov/sos5/sra-pub-zq-11/SRR001/313/SRR1313133/SRR1313133.sralite.1,SRX559784,,RNA-Seq,cDNA,TRANSCRIPTOMIC,PAIRED,0,0,ILLUMINA,Illumina HiSeq 2000,SRP042620,PRJNA251383,2,251383,SRS624327,SAMN02821096,simple,9606,Homo sapiens,GSM1401719,,,,,,,no,,,,,GEO,SRA168404,,public,0D8A4AA4B0D7A676EF57318F5249382E,0194B184904744E1D7B04B10D5BD52E7
SRR1313134,2014-06-12 16:16:14,2014-06-02 13:41:02,63007173,6300717300,63007173,100,4188,,https://sra-downloadb.be-md.ncbi.nlm.nih.gov/sos5/sra-pub-zq-11/SRR001/313/SRR1313134/SRR1313134.sralite.1,SRX559785,,RNA-Seq,cDNA,TRANSCRIPTOMIC,PAIRED,0,0,ILLUMINA,Illumina HiSeq 2000,SRP042620,PRJNA251383,2,251383,SRS624329,SAMN02821113,simple,9606,Homo sapiens,GSM1401720,,,,,,,no,,,,,GEO,SRA168404,,public,6143FD969E78B0CE00620DD6726D5949,DC474434C5FC92EBC527B953FA9503FC
SRR1313125,2014-06-12 16:16:14,2014-06-02 13:25:14,55830719,5583071900,55830719,100,3567,,https://sra-downloadb.be-md.ncbi.nlm.nih.gov/sos5/sra-pub-zq-11/SRR001/313/SRR1313125/SRR1313125.sralite.1,SRX559776,,RNA-Seq,cDNA,TRANSCRIPTOMIC,PAIRED,0,0,ILLUMINA,Illumina HiSeq 2000,SRP042620,PRJNA251383,2,251383,SRS624319,SAMN02821099,simple,9606,Homo sapiens,GSM1401711,,,,,,,no,,,,,GEO,SRA168404,,public,C414CF9114E08B1389E68C101E4ED3A1,CB85D8A01D18754AEE4C10C89E5D8227
SRR1313126,2014-06-12 16:16:14,2014-06-02 13:35:40,55759480,5575948000,55759480,100,3582,,https://sra-downloadb.be-md.ncbi.nlm.nih.gov/sos5/sra-pub-zq-11/SRR001/313/SRR1313126/SRR1313126.sralite.1,SRX559777,,RNA-Seq,cDNA,TRANSCRIPTOMIC,PAIRED,0,0,ILLUMINA,Illumina HiSeq 2000,SRP042620,PRJNA251383,2,251383,SRS624323,SAMN02821103,simple,9606,Homo sapiens,GSM1401712,,,,,,,no,,,,,GEO,SRA168404,,public,3F185E8E366907DED2C1ABF1D548224D,726E755B34F81B5D5A3C214EA54C4BA5
SRR1313127,2014-06-12 16:16:14,2014-06-02 13:38:28,63794541,6379454100,63794541,100,4087,,https://sra-downloadb.be-md.ncbi.nlm.nih.gov/sos5/sra-pub-zq-11/SRR001/313/SRR1313127/SRR1313127.sralite.1,SRX559778,,RNA-Seq,cDNA,TRANSCRIPTOMIC,PAIRED,0,0,ILLUMINA,Illumina HiSeq 2000,SRP042620,PRJNA251383,2,251383,SRS624320,SAMN02821094,simple,9606,Homo sapiens,GSM1401713,,,,,,,no,,,,,GEO,SRA168404,,public,D1366B01DC2C766BF18860F4A843B474,3E281E348B40CA14E3E40001458C1172
SRR1313128,2014-06-12 16:16:14,2014-06-02 13:29:28,62620988,6262098800,62620988,100,3959,,https://sra-downloadb.be-md.ncbi.nlm.nih.gov/sos5/sra-pub-zq-11/SRR001/313/SRR1313128/SRR1313128.sralite.1,SRX559779,,RNA-Seq,cDNA,TRANSCRIPTOMIC,PAIRED,0,0,ILLUMINA,Illumina HiSeq 2000,SRP042620,PRJNA251383,2,251383,SRS624322,SAMN02821100,simple,9606,Homo sapiens,GSM1401714,,,,,,,no,,,,,GEO,SRA168404,,public,2221C1623C90986F4E9D6D8ABA40372A,C855FAB72A81544A29ED9098CD60BB96
SRR1313129,2014-06-12 16:16:14,2014-06-02 13:28:27,50742277,5074227700,50742277,100,3222,,https://sra-downloadb.be-md.ncbi.nlm.nih.gov/sos5/sra-pub-zq-11/SRR001/313/SRR1313129/SRR1313129.sralite.1,SRX559780,,RNA-Seq,cDNA,TRANSCRIPTOMIC,PAIRED,0,0,ILLUMINA,Illumina HiSeq 2000,SRP042620,PRJNA251383,2,251383,SRS624326,SAMN02821104,simple,9606,Homo sapiens,GSM1401715,,,,,,,no,,,,,GEO,SRA168404,,public,FFA7E51EFE2A419B8711A8F75B633C31,C9755B4B74D4C1BC51C8E80657132F47
SRR1313120,2014-06-12 16:16:14,2014-06-02 13:24:37,70393294,7039329400,70393294,100,4685,,https://sra-downloadb.be-md.ncbi.nlm.nih.gov/sos5/sra-pub-zq-11/SRR001/313/SRR1313120/SRR1313120.sralite.1,SRX559771,,RNA-Seq,cDNA,TRANSCRIPTOMIC,PAIRED,0,0,ILLUMINA,Illumina HiSeq 2000,SRP042620,PRJNA251383,2,251383,SRS624314,SAMN02821091,simple,9606,Homo sapiens,GSM1401706,,,,,,,no,,,,,GEO,SRA168404,,public,9855DF010371D223E0DB4CD100DB2154,CC5FE16A7824244E338BA451752BA381
SRR1313121,2014-06-12 16:16:14,2014-06-02 13:25:33,62350776,6235077600,62350776,100,4158,,https://sra-downloadb.be-md.ncbi.nlm.nih.gov/sos5/sra-pub-zq-11/SRR001/313/SRR1313121/SRR1313121.sralite.1,SRX559772,,RNA-Seq,cDNA,TRANSCRIPTOMIC,PAIRED,0,0,ILLUMINA,Illumina HiSeq 2000,SRP042620,PRJNA251383,2,251383,SRS624318,SAMN02821102,simple,9606,Homo sapiens,GSM1401707,,,,,,,no,,,,,GEO,SRA168404,,public,7AADD57F644F569AFC8A862DF89A06F6,77319A46742DDFDA0AC75E25E9C18750
SRR1313122,2014-06-12 16:16:14,2014-06-02 13:22:38,50253467,5025346700,50253467,100,3197,,https://sra-downloadb.be-md.ncbi.nlm.nih.gov/sos5/sra-pub-zq-11/SRR001/313/SRR1313122/SRR1313122.sralite.1,SRX559773,,RNA-Seq,cDNA,TRANSCRIPTOMIC,PAIRED,0,0,ILLUMINA,Illumina HiSeq 2000,SRP042620,PRJNA251383,2,251383,SRS624316,SAMN02821148,simple,9606,Homo sapiens,GSM1401708,,,,,,,no,,,,,GEO,SRA168404,,public,1BE1ADDE2AA75AEF3F7E09072BBCE404,75423BD11796028E496F734835EF4E2E
SRR1313123,2014-06-12 16:16:14,2014-06-02 13:26:42,57122404,5712240400,57122404,100,3599,,https://sra-downloadb.be-md.ncbi.nlm.nih.gov/sos5/sra-pub-zq-11/SRR001/313/SRR1313123/SRR1313123.sralite.1,SRX559774,,RNA-Seq,cDNA,TRANSCRIPTOMIC,PAIRED,0,0,ILLUMINA,Illumina HiSeq 2000,SRP042620,PRJNA251383,2,251383,SRS624321,SAMN02821147,simple,9606,Homo sapiens,GSM1401709,,,,,,,no,,,,,GEO,SRA168404,,public,CF35D55BCE8E2F46A5B9CFBFFC320761,D5C01FAAC34A72C52C287D4ABC1C73D0
SRR1313124,2014-06-12 16:16:14,2014-06-02 13:26:02,55568976,5556897600,55568976,100,3568,,https://sra-downloadb.be-md.ncbi.nlm.nih.gov/sos5/sra-pub-zq-11/SRR001/313/SRR1313124/SRR1313124.sralite.1,SRX559775,,RNA-Seq,cDNA,TRANSCRIPTOMIC,PAIRED,0,0,ILLUMINA,Illumina HiSeq 2000,SRP042620,PRJNA251383,2,251383,SRS624317,SAMN02821093,simple,9606,Homo sapiens,GSM1401710,,,,,,,no,,,,,GEO,SRA168404,,public,88C08D07F705BA95713D37DBE9C21EFE,03CD2363D6B52B54404F1F0477CE1CC6
SRR1313115,2014-06-12 16:16:14,2014-06-02 13:18:19,68486496,6848649600,68486496,100,4588,,https://sra-downloadb.be-md.ncbi.nlm.nih.gov/sos5/sra-pub-zq-11/SRR001/313/SRR1313115/SRR1313115.sralite.1,SRX559766,,RNA-Seq,cDNA,TRANSCRIPTOMIC,PAIRED,0,0,ILLUMINA,Illumina HiSeq 2000,SRP042620,PRJNA251383,2,251383,SRS624309,SAMN02821142,simple,9606,Homo sapiens,GSM1401701,,,,,,,no,,,,,GEO,SRA168404,,public,DD65BA472DC6E90A6EB03D64C58913E6,6562FD8E02FA9060213526B7DA3CD7FB
SRR1313116,2014-06-12 16:16:14,2014-06-02 13:18:20,64803681,6480368100,64803681,100,4332,,https://sra-downloadb.be-md.ncbi.nlm.nih.gov/sos5/sra-pub-zq-11/SRR001/313/SRR1313116/SRR1313116.sralite.1,SRX559767,,RNA-Seq,cDNA,TRANSCRIPTOMIC,PAIRED,0,0,ILLUMINA,Illumina HiSeq 2000,SRP042620,PRJNA251383,2,251383,SRS624313,SAMN02821146,simple,9606,Homo sapiens,GSM1401702,,,,,,,no,,,,,GEO,SRA168404,,public,CF6BA57075FB0ED9172FDFC67EAD550F,24218D67A5F9AF5407EACAF9FC153B6C
SRR1313117,2014-06-12 16:16:14,2014-06-02 13:19:45,58438278,5843827800,58438278,100,3875,,https://sra-downloadb.be-md.ncbi.nlm.nih.gov/sos5/sra-pub-zq-11/SRR001/313/SRR1313117/SRR1313117.sralite.1,SRX559768,,RNA-Seq,cDNA,TRANSCRIPTOMIC,PAIRED,0,0,ILLUMINA,Illumina HiSeq 2000,SRP042620,PRJNA251383,2,251383,SRS624311,SAMN02821149,simple,9606,Homo sapiens,GSM1401703,,,,,,,no,,,,,GEO,SRA168404,,public,59BA94907F11026756A102703EAA59B0,EB845CE28437B12F815550F81460BB40
SRR1313118,2014-06-12 16:16:14,2014-06-02 13:35:56,73052086,7305208600,73052086,100,4874,,https://sra-downloadb.be-md.ncbi.nlm.nih.gov/sos5/sra-pub-zq-11/SRR001/313/SRR1313118/SRR1313118.sralite.1,SRX559769,,RNA-Seq,cDNA,TRANSCRIPTOMIC,PAIRED,0,0,ILLUMINA,Illumina HiSeq 2000,SRP042620,PRJNA251383,2,251383,SRS624312,SAMN02821089,simple,9606,Homo sapiens,GSM1401704,,,,,,,no,,,,,GEO,SRA168404,,public,0344DE89630758863E8A2EB1FCC6783E,45EB3AE419766D648247236C440484BA
SRR1313119,2014-06-12 16:16:14,2014-06-02 13:18:48,49934090,4993409000,49934090,100,3326,,https://sra-downloadb.be-md.ncbi.nlm.nih.gov/sos5/sra-pub-zq-11/SRR001/313/SRR1313119/SRR1313119.sralite.1,SRX559770,,RNA-Seq,cDNA,TRANSCRIPTOMIC,PAIRED,0,0,ILLUMINA,Illumina HiSeq 2000,SRP042620,PRJNA251383,2,251383,SRS624315,SAMN02821092,simple,9606,Homo sapiens,GSM1401705,,,,,,,no,,,,,GEO,SRA168404,,public,56460F037B0D2FBD99501CD3500B72E8,D795F3B3C90B765527F8E2166664DA3A
SRR1313110,2014-06-12 16:16:14,2014-06-02 13:16:09,68195611,6819561100,68195611,100,4543,,https://sra-downloadb.be-md.ncbi.nlm.nih.gov/sos5/sra-pub-zq-11/SRR001/313/SRR1313110/SRR1313110.sralite.1,SRX559761,,RNA-Seq,cDNA,TRANSCRIPTOMIC,PAIRED,0,0,ILLUMINA,Illumina HiSeq 2000,SRP042620,PRJNA251383,2,251383,SRS624306,SAMN02821143,simple,9606,Homo sapiens,GSM1401696,,,,,,,no,,,,,GEO,SRA168404,,public,F2D1974D62A5E6F2F3849F54F9457A89,9D6A61336DD64F294BB1D424CEFC3B74
SRR1313111,2014-06-12 16:16:14,2014-06-02 13:11:18,51196435,5119643500,51196435,100,3311,,https://sra-downloadb.be-md.ncbi.nlm.nih.gov/sos5/sra-pub-zq-11/SRR001/313/SRR1313111/SRR1313111.sralite.1,SRX559762,,RNA-Seq,cDNA,TRANSCRIPTOMIC,PAIRED,0,0,ILLUMINA,Illumina HiSeq 2000,SRP042620,PRJNA251383,2,251383,SRS624305,SAMN02821141,simple,9606,Homo sapiens,GSM1401697,,,,,,,no,,,,,GEO,SRA168404,,public,B6C45A861E142559D320A2BE669D5509,184B52A41EB2F9B0C12F1DAC9977F309
SRR1313112,2014-06-12 16:16:14,2014-06-02 13:13:04,54794196,5479419600,54794196,100,3559,,https://sra-downloadb.be-md.ncbi.nlm.nih.gov/sos5/sra-pub-zq-11/SRR001/313/SRR1313112/SRR1313112.sralite.1,SRX559763,,RNA-Seq,cDNA,TRANSCRIPTOMIC,PAIRED,0,0,ILLUMINA,Illumina HiSeq 2000,SRP042620,PRJNA251383,2,251383,SRS624307,SAMN02821140,simple,9606,Homo sapiens,GSM1401698,,,,,,,no,,,,,GEO,SRA168404,,public,618CC90D85FB5FA8353A84BC18971AC7,681DF5F295391C50D794681DC0D98036
SRR1313113,2014-06-12 16:16:14,2014-06-02 13:17:38,70863611,7086361100,70863611,100,4705,,https://sra-downloadb.be-md.ncbi.nlm.nih.gov/sos5/sra-pub-zq-11/SRR001/313/SRR1313113/SRR1313113.sralite.1,SRX559764,,RNA-Seq,cDNA,TRANSCRIPTOMIC,PAIRED,0,0,ILLUMINA,Illumina HiSeq 2000,SRP042620,PRJNA251383,2,251383,SRS624308,SAMN02821145,simple,9606,Homo sapiens,GSM1401699,,,,,,,no,,,,,GEO,SRA168404,,public,67E533B77B55DD49867EB2D0D93B1CFF,8C742F995A303272F42E9AE8ED3D5293
SRR1313114,2014-06-12 16:16:14,2014-06-02 13:17:36,70252436,7025243600,70252436,100,4792,,https://sra-downloadb.be-md.ncbi.nlm.nih.gov/sos5/sra-pub-zq-11/SRR001/313/SRR1313114/SRR1313114.sralite.1,SRX559765,,RNA-Seq,cDNA,TRANSCRIPTOMIC,PAIRED,0,0,ILLUMINA,Illumina HiSeq 2000,SRP042620,PRJNA251383,2,251383,SRS624310,SAMN02821144,simple,9606,Homo sapiens,GSM1401700,,,,,,,no,,,,,GEO,SRA168404,,public,EA23218A1617876F4075EB25F22DD227,2F2C542EBD518CE748A97B208A6A8852
SRR1313105,2014-06-12 16:16:14,2014-06-02 13:02:40,63875262,6387526200,63875262,100,4308,,https://sra-downloadb.be-md.ncbi.nlm.nih.gov/sos5/sra-pub-zq-11/SRR001/313/SRR1313105/SRR1313105.sralite.1,SRX559756,,RNA-Seq,cDNA,TRANSCRIPTOMIC,PAIRED,0,0,ILLUMINA,Illumina HiSeq 2000,SRP042620,PRJNA251383,2,251383,SRS624299,SAMN02821136,simple,9606,Homo sapiens,GSM1401691,,,,,,,no,,,,,GEO,SRA168404,,public,7515D170E68FE150278515D5EF429BB3,1A090875D44E9416F61411B0B071B7B0
SRR1313106,2014-06-12 16:16:14,2014-06-02 13:01:26,65425784,6542578400,65425784,100,4416,,https://sra-downloadb.be-md.ncbi.nlm.nih.gov/sos5/sra-pub-zq-11/SRR001/313/SRR1313106/SRR1313106.sralite.1,SRX559757,,RNA-Seq,cDNA,TRANSCRIPTOMIC,PAIRED,0,0,ILLUMINA,Illumina HiSeq 2000,SRP042620,PRJNA251383,2,251383,SRS624302,SAMN02821138,simple,9606,Homo sapiens,GSM1401692,,,,,,,no,,,,,GEO,SRA168404,,public,7F135AB7BAC9B875FD33456E8D0CDC87,487B97AC2C47B1F9648420D69F9A8941
SRR1313107,2014-06-12 16:16:14,2014-06-02 13:10:31,86947568,8694756800,86947568,100,5592,,https://sra-downloadb.be-md.ncbi.nlm.nih.gov/sos5/sra-pub-zq-11/SRR001/313/SRR1313107/SRR1313107.sralite.1,SRX559758,,RNA-Seq,cDNA,TRANSCRIPTOMIC,PAIRED,0,0,ILLUMINA,Illumina HiSeq 2000,SRP042620,PRJNA251383,2,251383,SRS624301,SAMN02821134,simple,9606,Homo sapiens,GSM1401693,,,,,,,no,,,,,GEO,SRA168404,,public,96A8060DF61BDAD06D517BF9847C6E16,5D2EFBFC7C2986709391F4D867D90C96
SRR1313108,2014-06-12 16:16:14,2014-06-02 13:04:42,54712464,5471246400,54712464,100,3638,,https://sra-downloadb.be-md.ncbi.nlm.nih.gov/sos5/sra-pub-zq-11/SRR001/313/SRR1313108/SRR1313108.sralite.1,SRX559759,,RNA-Seq,cDNA,TRANSCRIPTOMIC,PAIRED,0,0,ILLUMINA,Illumina HiSeq 2000,SRP042620,PRJNA251383,2,251383,SRS624304,SAMN02821137,simple,9606,Homo sapiens,GSM1401694,,,,,,,no,,,,,GEO,SRA168404,,public,9C6B4042A5B73CA41ACAF24886C08FBC,4162ACB2C8995908E2A68446E1F47C73
SRR1313109,2014-06-12 16:16:14,2014-06-02 13:14:47,63762671,6376267100,63762671,100,4275,,https://sra-downloadb.be-md.ncbi.nlm.nih.gov/sos5/sra-pub-zq-11/SRR001/313/SRR1313109/SRR1313109.sralite.1,SRX559760,,RNA-Seq,cDNA,TRANSCRIPTOMIC,PAIRED,0,0,ILLUMINA,Illumina HiSeq 2000,SRP042620,PRJNA251383,2,251383,SRS624303,SAMN02821139,simple,9606,Homo sapiens,GSM1401695,,,,,,,no,,,,,GEO,SRA168404,,public,B3C7FBC695E62814CED8648666D9F6F3,5F9E27D68BBF5367EC2B784440FCB228
SRR1313100,2014-06-12 16:16:14,2014-06-02 12:56:06,66181050,6618105000,66181050,100,4094,,https://sra-downloadb.be-md.ncbi.nlm.nih.gov/sos5/sra-pub-zq-11/SRR001/313/SRR1313100/SRR1313100.sralite.1,SRX559751,,RNA-Seq,cDNA,TRANSCRIPTOMIC,PAIRED,0,0,ILLUMINA,Illumina HiSeq 2000,SRP042620,PRJNA251383,2,251383,SRS624298,SAMN02821128,simple,9606,Homo sapiens,GSM1401686,,,,,,,no,,,,,GEO,SRA168404,,public,B3B17F8C317DBD087C70433053B2DA04,E9153DAAD883C0FF256CD928BB3C6536
SRR1313101,2014-06-12 16:16:14,2014-06-02 12:55:13,58942926,5894292600,58942926,100,3762,,https://sra-downloadb.be-md.ncbi.nlm.nih.gov/sos5/sra-pub-zq-11/SRR001/313/SRR1313101/SRR1313101.sralite.1,SRX559752,,RNA-Seq,cDNA,TRANSCRIPTOMIC,PAIRED,0,0,ILLUMINA,Illumina HiSeq 2000,SRP042620,PRJNA251383,2,251383,SRS624295,SAMN02821135,simple,9606,Homo sapiens,GSM1401687,,,,,,,no,,,,,GEO,SRA168404,,public,F89F5B7415C54C79B5E1CBE6F7B82CFF,9786746B95A2DE9F2D3CBBCCE53FBD4D
SRR1313102,2014-06-12 16:16:14,2014-06-02 13:05:13,71437487,7143748700,71437487,100,4825,,https://sra-downloadb.be-md.ncbi.nlm.nih.gov/sos5/sra-pub-zq-11/SRR001/313/SRR1313102/SRR1313102.sralite.1,SRX559753,,RNA-Seq,cDNA,TRANSCRIPTOMIC,PAIRED,0,0,ILLUMINA,Illumina HiSeq 2000,SRP042620,PRJNA251383,2,251383,SRS624296,SAMN02821130,simple,9606,Homo sapiens,GSM1401688,,,,,,,no,,,,,GEO,SRA168404,,public,B06E633D731638D7D364564E50CACE0F,E2418CB71F77EDD96932BA6CDCBDF992
SRR1313103,2014-06-12 16:16:14,2014-06-02 13:01:53,71552653,7155265300,71552653,100,4848,,https://sra-downloadb.be-md.ncbi.nlm.nih.gov/sos5/sra-pub-zq-11/SRR001/313/SRR1313103/SRR1313103.sralite.1,SRX559754,,RNA-Seq,cDNA,TRANSCRIPTOMIC,PAIRED,0,0,ILLUMINA,Illumina HiSeq 2000,SRP042620,PRJNA251383,2,251383,SRS624297,SAMN02821131,simple,9606,Homo sapiens,GSM1401689,,,,,,,no,,,,,GEO,SRA168404,,public,F4CA969F18ED794615A6BD69E1E72917,08B5AA836253205048194B9AD0E21E64
SRR1313104,2014-06-12 16:16:14,2014-06-02 12:58:41,54089491,5408949100,54089491,100,3497,,https://sra-downloadb.be-md.ncbi.nlm.nih.gov/sos5/sra-pub-zq-11/SRR001/313/SRR1313104/SRR1313104.sralite.1,SRX559755,,RNA-Seq,cDNA,TRANSCRIPTOMIC,PAIRED,0,0,ILLUMINA,Illumina HiSeq 2000,SRP042620,PRJNA251383,2,251383,SRS624300,SAMN02821133,simple,9606,Homo sapiens,GSM1401690,,,,,,,no,,,,,GEO,SRA168404,,public,9C9F2F849B57681E46E25EBD58C814E9,103B8BCAC7CDFD81C4EE888940E313F3
SRR1313095,2014-06-12 16:16:14,2014-06-02 12:54:24,60509961,6050996100,60509961,100,4018,,https://sra-downloadb.be-md.ncbi.nlm.nih.gov/sos5/sra-pub-zq-11/SRR001/313/SRR1313095/SRR1313095.sralite.1,SRX559746,,RNA-Seq,cDNA,TRANSCRIPTOMIC,PAIRED,0,0,ILLUMINA,Illumina HiSeq 2000,SRP042620,PRJNA251383,2,251383,SRS624289,SAMN02821126,simple,9606,Homo sapiens,GSM1401681,,,,,,,no,,,,,GEO,SRA168404,,public,A4DE4324873F49306D5D047031304546,4E8C14363AC84D09139FD1CAD4426F8B
SRR1313096,2014-06-12 16:16:14,2014-06-02 13:12:18,68140610,6814061000,68140610,100,4477,,https://sra-downloadb.be-md.ncbi.nlm.nih.gov/sos5/sra-pub-zq-11/SRR001/313/SRR1313096/SRR1313096.sralite.1,SRX559747,,RNA-Seq,cDNA,TRANSCRIPTOMIC,PAIRED,0,0,ILLUMINA,Illumina HiSeq 2000,SRP042620,PRJNA251383,2,251383,SRS624290,SAMN02821127,simple,9606,Homo sapiens,GSM1401682,,,,,,,no,,,,,GEO,SRA168404,,public,5EEE646901D30457748A6FFE1525191F,13573D973B36AAF68DA32B3929CC49E1
SRR1313097,2014-06-12 16:16:14,2014-06-02 12:55:34,71612889,7161288900,71612889,100,4572,,https://sra-downloadb.be-md.ncbi.nlm.nih.gov/sos5/sra-pub-zq-11/SRR001/313/SRR1313097/SRR1313097.sralite.1,SRX559748,,RNA-Seq,cDNA,TRANSCRIPTOMIC,PAIRED,0,0,ILLUMINA,Illumina HiSeq 2000,SRP042620,PRJNA251383,2,251383,SRS624292,SAMN02821125,simple,9606,Homo sapiens,GSM1401683,,,,,,,no,,,,,GEO,SRA168404,,public,4F581AFC6D24BBFC6C971CB1E0D7EC92,A55D6F1720A8B4A3C697191A14921ACA
SRR1313098,2014-06-12 16:16:14,2014-06-02 12:55:32,53970617,5397061700,53970617,100,3536,,https://sra-downloadb.be-md.ncbi.nlm.nih.gov/sos5/sra-pub-zq-11/SRR001/313/SRR1313098/SRR1313098.sralite.1,SRX559749,,RNA-Seq,cDNA,TRANSCRIPTOMIC,PAIRED,0,0,ILLUMINA,Illumina HiSeq 2000,SRP042620,PRJNA251383,2,251383,SRS624294,SAMN02821132,simple,9606,Homo sapiens,GSM1401684,,,,,,,no,,,,,GEO,SRA168404,,public,5B80B05E45DE19C54A040CAE9F0C02CA,4BCA2975229A094B9381DE827E7E7E8D
SRR1313099,2014-06-12 16:16:14,2014-06-02 12:54:29,63122749,6312274900,63122749,100,4084,,https://sra-downloadb.be-md.ncbi.nlm.nih.gov/sos5/sra-pub-zq-11/SRR001/313/SRR1313099/SRR1313099.sralite.1,SRX559750,,RNA-Seq,cDNA,TRANSCRIPTOMIC,PAIRED,0,0,ILLUMINA,Illumina HiSeq 2000,SRP042620,PRJNA251383,2,251383,SRS624293,SAMN02821129,simple,9606,Homo sapiens,GSM1401685,,,,,,,no,,,,,GEO,SRA168404,,public,1664E8EBFEB2B2FA6ECCDC69B1715AF8,1A47A34DB3111D5DB0C459DE10D0D816
SRR1313090,2014-06-12 16:16:14,2014-06-02 12:37:45,53336273,5333627300,53336273,100,3433,,https://sra-downloadb.be-md.ncbi.nlm.nih.gov/sos5/sra-pub-zq-11/SRR001/313/SRR1313090/SRR1313090.sralite.1,SRX559741,,RNA-Seq,cDNA,TRANSCRIPTOMIC,PAIRED,0,0,ILLUMINA,Illumina HiSeq 2000,SRP042620,PRJNA251383,2,251383,SRS624286,SAMN02821119,simple,9606,Homo sapiens,GSM1401676,,,,,,,no,,,,,GEO,SRA168404,,public,0F68EF8A6F5D39E85DCDEC02E0C4D9C6,45D9FD70532B20E4D402D8C565030C11
SRR1313091,2014-06-12 16:16:14,2014-06-02 12:39:35,65595965,6559596500,65595965,100,4227,,https://sra-downloadb.be-md.ncbi.nlm.nih.gov/sos5/sra-pub-zq-11/SRR001/313/SRR1313091/SRR1313091.sralite.1,SRX559742,,RNA-Seq,cDNA,TRANSCRIPTOMIC,PAIRED,0,0,ILLUMINA,Illumina HiSeq 2000,SRP042620,PRJNA251383,2,251383,SRS624287,SAMN02821114,simple,9606,Homo sapiens,GSM1401677,,,,,,,no,,,,,GEO,SRA168404,,public,DE93A32B68160D8832EA14670D61AE6B,0B260839799CB8DC3DE110B641734208
SRR1313092,2014-06-12 16:16:14,2014-06-02 12:42:07,65248351,6524835100,65248351,100,4343,,https://sra-downloadb.be-md.ncbi.nlm.nih.gov/sos5/sra-pub-zq-11/SRR001/313/SRR1313092/SRR1313092.sralite.1,SRX559743,,RNA-Seq,cDNA,TRANSCRIPTOMIC,PAIRED,0,0,ILLUMINA,Illumina HiSeq 2000,SRP042620,PRJNA251383,2,251383,SRS624285,SAMN02821122,simple,9606,Homo sapiens,GSM1401678,,,,,,,no,,,,,GEO,SRA168404,,public,9578E7ABC5839BFFE8B1F5443A105C57,7712A5E62E16E59EAFDDB89D8289D80C
SRR1313093,2014-06-12 16:16:14,2014-06-02 12:42:06,51654470,5165447000,51654470,100,3344,,https://sra-downloadb.be-md.ncbi.nlm.nih.gov/sos5/sra-pub-zq-11/SRR001/313/SRR1313093/SRR1313093.sralite.1,SRX559744,,RNA-Seq,cDNA,TRANSCRIPTOMIC,PAIRED,0,0,ILLUMINA,Illumina HiSeq 2000,SRP042620,PRJNA251383,2,251383,SRS624288,SAMN02821124,simple,9606,Homo sapiens,GSM1401679,,,,,,,no,,,,,GEO,SRA168404,,public,5C22CA5C07A48A58EAFAB60CD0714FD8,9E2D7E813405CF61AD01EDE2AB3F8705
SRR1313094,2014-06-12 16:16:14,2014-06-02 13:09:04,68145320,6814532000,68145320,100,4427,,https://sra-downloadb.be-md.ncbi.nlm.nih.gov/sos5/sra-pub-zq-11/SRR001/313/SRR1313094/SRR1313094.sralite.1,SRX559745,,RNA-Seq,cDNA,TRANSCRIPTOMIC,PAIRED,0,0,ILLUMINA,Illumina HiSeq 2000,SRP042620,PRJNA251383,2,251383,SRS624291,SAMN02821123,simple,9606,Homo sapiens,GSM1401680,,,,,,,no,,,,,GEO,SRA168404,,public,72D202EACFDAAAEE6F80C7893AE8AA98,E447668BA8826B50930E38F024AD72DD
SRR1313085,2014-06-12 16:16:14,2014-06-02 14:01:13,85980268,8598026800,85980268,100,5546,,https://sra-downloadb.be-md.ncbi.nlm.nih.gov/sos5/sra-pub-zq-11/SRR001/313/SRR1313085/SRR1313085.sralite.1,SRX559736,,RNA-Seq,cDNA,TRANSCRIPTOMIC,PAIRED,0,0,ILLUMINA,Illumina HiSeq 2000,SRP042620,PRJNA251383,2,251383,SRS624280,SAMN02821006,simple,9606,Homo sapiens,GSM1401671,,,,,,,no,,,,,GEO,SRA168404,,public,F58385FCCA4C93146BB8ADB59F88D0C3,17357FAB11957215E3121A5F08D7949B
SRR1313086,2014-06-12 16:16:14,2014-06-02 14:03:38,88001843,8800184300,88001843,100,5678,,https://sra-downloadb.be-md.ncbi.nlm.nih.gov/sos5/sra-pub-zq-11/SRR001/313/SRR1313086/SRR1313086.sralite.1,SRX559737,,RNA-Seq,cDNA,TRANSCRIPTOMIC,PAIRED,0,0,ILLUMINA,Illumina HiSeq 2000,SRP042620,PRJNA251383,2,251383,SRS624281,SAMN02821011,simple,9606,Homo sapiens,GSM1401672,,,,,,,no,,,,,GEO,SRA168404,,public,8EF4A5E439135813725C57AE2723609C,C754FFD0EE690C18C047326A6CC533C9
SRR1313087,2014-06-12 16:16:14,2014-06-02 14:03:19,89273042,8927304200,89273042,100,5788,,https://sra-downloadb.be-md.ncbi.nlm.nih.gov/sos5/sra-pub-zq-11/SRR001/313/SRR1313087/SRR1313087.sralite.1,SRX559738,,RNA-Seq,cDNA,TRANSCRIPTOMIC,PAIRED,0,0,ILLUMINA,Illumina HiSeq 2000,SRP042620,PRJNA251383,2,251383,SRS624282,SAMN02821001,simple,9606,Homo sapiens,GSM1401673,,,,,,,no,,,,,GEO,SRA168404,,public,5B664D4BB85C1CF214FBC29D23B20DDB,E62CF2706405A2EB9C8988EBBB76EE3D
SRR1313088,2014-06-12 16:16:14,2014-06-02 14:11:35,99143391,9914339100,99143391,100,6373,,https://sra-downloadb.be-md.ncbi.nlm.nih.gov/sos5/sra-pub-zq-11/SRR001/313/SRR1313088/SRR1313088.sralite.1,SRX559739,,RNA-Seq,cDNA,TRANSCRIPTOMIC,PAIRED,0,0,ILLUMINA,Illumina HiSeq 2000,SRP042620,PRJNA251383,2,251383,SRS624283,SAMN02821007,simple,9606,Homo sapiens,GSM1401674,,,,,,,no,,,,,GEO,SRA168404,,public,911443C069C40950C0530414F4633E86,A2B2588891FC5003FC4F77EDB6DDBA56
SRR1313089,2014-06-12 16:16:14,2014-06-02 15:00:27,98973518,9897351800,98973518,100,6461,,https://sra-downloadb.be-md.ncbi.nlm.nih.gov/sos5/sra-pub-zq-11/SRR001/313/SRR1313089/SRR1313089.sralite.1,SRX559740,,RNA-Seq,cDNA,TRANSCRIPTOMIC,PAIRED,0,0,ILLUMINA,Illumina HiSeq 2000,SRP042620,PRJNA251383,2,251383,SRS624284,SAMN02821009,simple,9606,Homo sapiens,GSM1401675,,,,,,,no,,,,,GEO,SRA168404,,public,E401D3EA045DBBD7FB7C8106B666F36F,938A8EAFF6765EB692E1E2B5AD6FE6B7
SRR1313080,2014-06-12 16:16:14,2014-06-02 13:58:44,70204993,7020499300,70204993,100,4771,,https://sra-downloadb.be-md.ncbi.nlm.nih.gov/sos5/sra-pub-zq-11/SRR001/313/SRR1313080/SRR1313080.sralite.1,SRX559731,,RNA-Seq,cDNA,TRANSCRIPTOMIC,PAIRED,0,0,ILLUMINA,Illumina HiSeq 2000,SRP042620,PRJNA251383,2,251383,SRS624275,SAMN02821017,simple,9606,Homo sapiens,GSM1401666,,,,,,,no,,,,,GEO,SRA168404,,public,E05E727A349D020ED783B3AD15A69DA4,2787B3C35E0A93B3C7D2340B698872D0
SRR1313081,2014-06-12 16:16:14,2014-06-02 14:07:25,103253446,10325344600,103253446,100,6886,,https://sra-downloadb.be-md.ncbi.nlm.nih.gov/sos5/sra-pub-zq-11/SRR001/313/SRR1313081/SRR1313081.sralite.1,SRX559732,,RNA-Seq,cDNA,TRANSCRIPTOMIC,PAIRED,0,0,ILLUMINA,Illumina HiSeq 2000,SRP042620,PRJNA251383,2,251383,SRS624276,SAMN02820997,simple,9606,Homo sapiens,GSM1401667,,,,,,,no,,,,,GEO,SRA168404,,public,34D41E418AA3C9C6B0B0327B7EAF350A,E0D9EFEE2F6D84F72BA02066753F46EA
SRR1313082,2014-06-12 16:16:14,2014-06-02 14:06:44,106629533,10662953300,106629533,100,7419,,https://sra-downloadb.be-md.ncbi.nlm.nih.gov/sos5/sra-pub-zq-11/SRR001/313/SRR1313082/SRR1313082.sralite.1,SRX559733,,RNA-Seq,cDNA,TRANSCRIPTOMIC,PAIRED,0,0,ILLUMINA,Illumina HiSeq 2000,SRP042620,PRJNA251383,2,251383,SRS624277,SAMN02821020,simple,9606,Homo sapiens,GSM1401668,,,,,,,no,,,,,GEO,SRA168404,,public,483F5F04E56824AB1DF91F01C28C3FDC,36E9BEC15E3C9A94AF09E1179616C95F
SRR1313083,2014-06-12 16:16:14,2014-06-02 14:12:35,118991091,11899109100,118991091,100,7866,,https://sra-downloadb.be-md.ncbi.nlm.nih.gov/sos5/sra-pub-zq-11/SRR001/313/SRR1313083/SRR1313083.sralite.1,SRX559734,,RNA-Seq,cDNA,TRANSCRIPTOMIC,PAIRED,0,0,ILLUMINA,Illumina HiSeq 2000,SRP042620,PRJNA251383,2,251383,SRS624278,SAMN02821004,simple,9606,Homo sapiens,GSM1401669,,,,,,,no,,,,,GEO,SRA168404,,public,6B2E7CC7CF775F201A6A8A5060D6D4C9,C535066FB40CD268AE57651FF77B9D45
SRR1313084,2014-06-12 16:16:14,2014-06-02 13:55:52,59613594,5961359400,59613594,100,3922,,https://sra-downloadb.be-md.ncbi.nlm.nih.gov/sos5/sra-pub-zq-11/SRR001/313/SRR1313084/SRR1313084.sralite.1,SRX559735,,RNA-Seq,cDNA,TRANSCRIPTOMIC,PAIRED,0,0,ILLUMINA,Illumina HiSeq 2000,SRP042620,PRJNA251383,2,251383,SRS624279,SAMN02821003,simple,9606,Homo sapiens,GSM1401670,,,,,,,no,,,,,GEO,SRA168404,,public,3BA9C8E00C7DE4B8BDD606B067CDBB9B,3EAEE34AEA08381192463F3CFA0EC747
SRR1313075,2014-06-12 16:16:14,2014-06-02 14:34:25,161802224,16180222400,161802224,100,9399,,https://sra-downloadb.be-md.ncbi.nlm.nih.gov/sos5/sra-pub-zq-11/SRR001/313/SRR1313075/SRR1313075.sralite.1,SRX559726,,RNA-Seq,cDNA,TRANSCRIPTOMIC,PAIRED,0,0,ILLUMINA,Illumina HiSeq 2000,SRP042620,PRJNA251383,2,251383,SRS624270,SAMN02820993,simple,9606,Homo sapiens,GSM1401661,,,,,,,no,,,,,GEO,SRA168404,,public,C7579BF46AA93EA143DFDEB50AED6B55,9AB7F32C268DCB6A63D96F291C494318
SRR1313076,2014-06-12 16:16:14,2014-06-02 14:13:46,108462283,10846228300,108462283,100,6493,,https://sra-downloadb.be-md.ncbi.nlm.nih.gov/sos5/sra-pub-zq-11/SRR001/313/SRR1313076/SRR1313076.sralite.1,SRX559727,,RNA-Seq,cDNA,TRANSCRIPTOMIC,PAIRED,0,0,ILLUMINA,Illumina HiSeq 2000,SRP042620,PRJNA251383,2,251383,SRS624271,SAMN02820990,simple,9606,Homo sapiens,GSM1401662,,,,,,,no,,,,,GEO,SRA168404,,public,4E4647D601CA1654F1DEA6A9D14F2564,AAB54ECC1EF8199C2E866012C3F5B72D
SRR1313077,2014-06-12 16:16:14,2014-06-02 14:25:22,138323261,13832326100,138323261,100,8243,,https://sra-downloadb.be-md.ncbi.nlm.nih.gov/sos5/sra-pub-zq-11/SRR001/313/SRR1313077/SRR1313077.sralite.1,SRX559728,,RNA-Seq,cDNA,TRANSCRIPTOMIC,PAIRED,0,0,ILLUMINA,Illumina HiSeq 2000,SRP042620,PRJNA251383,2,251383,SRS624272,SAMN02821016,simple,9606,Homo sapiens,GSM1401663,,,,,,,no,,,,,GEO,SRA168404,,public,276526AA267A2CF76FA6EDE0C030CBE4,2F823E24D48F1BB387C75B4CB24C2BF0
SRR1313078,2014-06-12 16:16:14,2014-06-02 14:25:13,150701119,15070111900,150701119,100,8974,,https://sra-downloadb.be-md.ncbi.nlm.nih.gov/sos5/sra-pub-zq-11/SRR001/313/SRR1313078/SRR1313078.sralite.1,SRX559729,,RNA-Seq,cDNA,TRANSCRIPTOMIC,PAIRED,0,0,ILLUMINA,Illumina HiSeq 2000,SRP042620,PRJNA251383,2,251383,SRS624273,SAMN02820995,simple,9606,Homo sapiens,GSM1401664,,,,,,,no,,,,,GEO,SRA168404,,public,19C61FF38D1D0F0EDB141C20A6EBC687,A82097F1B0C6C94280D58548E2B107F1
SRR1313079,2014-06-12 16:16:14,2014-06-02 13:58:17,72012932,7201293200,72012932,100,4989,,https://sra-downloadb.be-md.ncbi.nlm.nih.gov/sos5/sra-pub-zq-11/SRR001/313/SRR1313079/SRR1313079.sralite.1,SRX559730,,RNA-Seq,cDNA,TRANSCRIPTOMIC,PAIRED,0,0,ILLUMINA,Illumina HiSeq 2000,SRP042620,PRJNA251383,2,251383,SRS624274,SAMN02821013,simple,9606,Homo sapiens,GSM1401665,,,,,,,no,,,,,GEO,SRA168404,,public,A5B360822BD36E7B0C8E368C980CD0CB,2C070ED36E3E0F713267F3E2C775D978
SRR1313070,2014-06-12 16:16:14,2014-06-02 14:15:23,156169253,15616925300,156169253,100,9242,,https://sra-downloadb.be-md.ncbi.nlm.nih.gov/sos5/sra-pub-zq-11/SRR001/313/SRR1313070/SRR1313070.sralite.1,SRX559721,,RNA-Seq,cDNA,TRANSCRIPTOMIC,PAIRED,0,0,ILLUMINA,Illumina HiSeq 2000,SRP042620,PRJNA251383,2,251383,SRS624265,SAMN02820996,simple,9606,Homo sapiens,GSM1401656,,,,,,,no,,,,,GEO,SRA168404,,public,91EB30AC5822193B69509BC411DD3F08,18527DF846D0592A1446A3885904388B
SRR1313071,2014-06-12 16:16:14,2014-06-02 13:50:30,85493460,8549346000,85493460,100,5714,,https://sra-downloadb.be-md.ncbi.nlm.nih.gov/sos5/sra-pub-zq-11/SRR001/313/SRR1313071/SRR1313071.sralite.1,SRX559722,,RNA-Seq,cDNA,TRANSCRIPTOMIC,PAIRED,0,0,ILLUMINA,Illumina HiSeq 2000,SRP042620,PRJNA251383,2,251383,SRS624266,SAMN02820994,simple,9606,Homo sapiens,GSM1401657,,,,,,,no,,,,,GEO,SRA168404,,public,616FA553F39853A24CCB349C518FDD59,4F6DCB90EF834AC2B54F3417CC8843C8
SRR1313072,2014-06-12 16:16:14,2014-06-02 13:51:58,108951546,10895154600,108951546,100,7211,,https://sra-downloadb.be-md.ncbi.nlm.nih.gov/sos5/sra-pub-zq-11/SRR001/313/SRR1313072/SRR1313072.sralite.1,SRX559723,,RNA-Seq,cDNA,TRANSCRIPTOMIC,PAIRED,0,0,ILLUMINA,Illumina HiSeq 2000,SRP042620,PRJNA251383,2,251383,SRS624267,SAMN02821015,simple,9606,Homo sapiens,GSM1401658,,,,,,,no,,,,,GEO,SRA168404,,public,1FF7C76BBBE49A76C8ABBB92BEEEE910,EDACF70262AEC92E80CAD98E0613FD7B
SRR1313073,2014-06-12 16:16:14,2014-06-02 14:36:52,135567944,13556794400,135567944,100,8114,,https://sra-downloadb.be-md.ncbi.nlm.nih.gov/sos5/sra-pub-zq-11/SRR001/313/SRR1313073/SRR1313073.sralite.1,SRX559724,,RNA-Seq,cDNA,TRANSCRIPTOMIC,PAIRED,0,0,ILLUMINA,Illumina HiSeq 2000,SRP042620,PRJNA251383,2,251383,SRS624268,SAMN02820987,simple,9606,Homo sapiens,GSM1401659,,,,,,,no,,,,,GEO,SRA168404,,public,0F48B4A75370181D930F8EB37B94C09D,CF097C070A111F31654EE06782D4F146
SRR1313074,2014-06-12 16:16:14,2014-06-02 14:24:10,127603180,12760318000,127603180,100,7621,,https://sra-downloadb.be-md.ncbi.nlm.nih.gov/sos5/sra-pub-zq-11/SRR001/313/SRR1313074/SRR1313074.sralite.1,SRX559725,,RNA-Seq,cDNA,TRANSCRIPTOMIC,PAIRED,0,0,ILLUMINA,Illumina HiSeq 2000,SRP042620,PRJNA251383,2,251383,SRS624269,SAMN02820991,simple,9606,Homo sapiens,GSM1401660,,,,,,,no,,,,,GEO,SRA168404,,public,0A66AF10C95B174853345F8E649C9D24,AEE470EC3A3327E3FDE2636B9F25AC8E
SRR1313065,2014-06-12 16:16:14,2014-06-17 17:25:22,48306721,4830248992,48306721,99,2983,,https://sra-downloadb.be-md.ncbi.nlm.nih.gov/sos5/sra-pub-zq-11/SRR001/313/SRR1313065/SRR1313065.sralite.1,SRX559716,,RNA-Seq,cDNA,TRANSCRIPTOMIC,PAIRED,0,0,ILLUMINA,Illumina HiSeq 2000,SRP042620,PRJNA251383,2,251383,SRS624260,SAMN02820984,simple,9606,Homo sapiens,GSM1401651,,,,,,,no,,,,,GEO,SRA168404,,public,3A4C29F98A547BD3DA539C756B54B903,E9CECA2BA4BCB726EC04C0BC363EAC13
SRR1313066,2014-06-12 16:16:14,2014-06-02 13:38:53,33235081,3323508100,33235081,100,1989,,https://sra-downloadb.be-md.ncbi.nlm.nih.gov/sos5/sra-pub-zq-11/SRR001/313/SRR1313066/SRR1313066.sralite.1,SRX559717,,RNA-Seq,cDNA,TRANSCRIPTOMIC,PAIRED,0,0,ILLUMINA,Illumina HiSeq 2000,SRP042620,PRJNA251383,2,251383,SRS624261,SAMN02820983,simple,9606,Homo sapiens,GSM1401652,,,,,,,no,,,,,GEO,SRA168404,,public,24C4C8F6D8A0CC9703725864B40B1620,7C3D1ABC64F1767A573CFC3A08EAD971
SRR1313067,2014-06-12 16:16:14,2014-06-02 13:40:21,53818524,5381852400,53818524,100,3687,,https://sra-downloadb.be-md.ncbi.nlm.nih.gov/sos5/sra-pub-zq-11/SRR001/313/SRR1313067/SRR1313067.sralite.1,SRX559718,,RNA-Seq,cDNA,TRANSCRIPTOMIC,PAIRED,0,0,ILLUMINA,Illumina HiSeq 2000,SRP042620,PRJNA251383,2,251383,SRS624262,SAMN02820989,simple,9606,Homo sapiens,GSM1401653,,,,,,,no,,,,,GEO,SRA168404,,public,7C8D2763276B62D75987D2F7424A1CAE,51C7D277C9E564A2EDF766B4746DACA4
SRR1313068,2014-06-12 16:16:14,2014-06-02 13:38:19,53522634,5352263400,53522634,100,3601,,https://sra-downloadb.be-md.ncbi.nlm.nih.gov/sos5/sra-pub-zq-11/SRR001/313/SRR1313068/SRR1313068.sralite.1,SRX559719,,RNA-Seq,cDNA,TRANSCRIPTOMIC,PAIRED,0,0,ILLUMINA,Illumina HiSeq 2000,SRP042620,PRJNA251383,2,251383,SRS624263,SAMN02820986,simple,9606,Homo sapiens,GSM1401654,,,,,,,no,,,,,GEO,SRA168404,,public,793F27B6D2037531844AEB671DA0AD35,D74512A4E73EBC1E9D97856087C7C4EE
SRR1313069,2014-06-12 16:16:14,2014-06-02 14:24:47,157648179,15764817900,157648179,100,9369,,https://sra-downloadb.be-md.ncbi.nlm.nih.gov/sos5/sra-pub-zq-11/SRR001/313/SRR1313069/SRR1313069.sralite.1,SRX559720,,RNA-Seq,cDNA,TRANSCRIPTOMIC,PAIRED,0,0,ILLUMINA,Illumina HiSeq 2000,SRP042620,PRJNA251383,2,251383,SRS624264,SAMN02820985,simple,9606,Homo sapiens,GSM1401655,,,,,,,no,,,,,GEO,SRA168404,,public,94BD81BC900D8CF2A862CD5738F42E02,24CC2627941D0AA4B9BE8395E2798733
SRR1313062,2014-06-12 16:16:14,2014-06-02 13:30:55,27960342,2796034200,27960342,100,1808,,https://sra-downloadb.be-md.ncbi.nlm.nih.gov/sos5/sra-pub-zq-11/SRR001/313/SRR1313062/SRR1313062.sralite.1,SRX559713,,RNA-Seq,cDNA,TRANSCRIPTOMIC,PAIRED,0,0,ILLUMINA,Illumina HiSeq 2000,SRP042620,PRJNA251383,2,251383,SRS624257,SAMN02820988,simple,9606,Homo sapiens,GSM1401648,,,,,,,no,,,,,GEO,SRA168404,,public,CF77A339CEADE6CDD951B86650CAC0E8,A60FA70C3E1414788258D3D6B0FD09DC
SRR1313063,2014-06-12 16:16:14,2014-06-02 13:32:42,31045901,3104590100,31045901,100,1964,,https://sra-downloadb.be-md.ncbi.nlm.nih.gov/sos5/sra-pub-zq-11/SRR001/313/SRR1313063/SRR1313063.sralite.1,SRX559714,,RNA-Seq,cDNA,TRANSCRIPTOMIC,PAIRED,0,0,ILLUMINA,Illumina HiSeq 2000,SRP042620,PRJNA251383,2,251383,SRS624258,SAMN02820982,simple,9606,Homo sapiens,GSM1401649,,,,,,,no,,,,,GEO,SRA168404,,public,834C9B592C7FC7F5A241727D2AA6BF5B,92BD06866FA77FF888E0404D67F4243B
SRR1313064,2014-06-12 16:16:14,2014-06-02 13:34:46,45060440,4506044000,45060440,100,2954,,https://sra-downloadb.be-md.ncbi.nlm.nih.gov/sos5/sra-pub-zq-11/SRR001/313/SRR1313064/SRR1313064.sralite.1,SRX559715,,RNA-Seq,cDNA,TRANSCRIPTOMIC,PAIRED,0,0,ILLUMINA,Illumina HiSeq 2000,SRP042620,PRJNA251383,2,251383,SRS624259,SAMN02820992,simple,9606,Homo sapiens,GSM1401650,,,,,,,no,,,,,GEO,SRA168404,,public,9D5E91FCFB6ED28E3DADBC96099D67AC,2B4302FD3AFA2C492216ADB8A9BE25BB
